id,feat_0,feat_1,feat_2,feat_3,feat_4,feat_5,feat_6,feat_7,category,ts
9813c156-01fa-4d9f-8d12-c4631e3d918e,438.955861,903.148802,976.010897,89.025334,675.825299,812.356332,964.231907,30.152374,B,1670000000
a2910328-b012-4b58-ba44-f84c20b1a53f,842.277633,272.578499,66.921554,389.593735,827.429705,345.23677,939.049081,918.533579,D,1670000001
a8bee969-3376-4116-9194-5a5059364c5f,564.487087,910.978358,957.041777,725.074678,360.975045,655.514111,280.16585,861.87658,D,1670000002
c49b3b8d-0268-4cac-8204-d1583567f136,64.826519,719.14179,240.07452,984.246487,463.794262,3.021133,741.814307,549.904111,B,1670000003
f37c0429-1714-403d-91f9-fdabd15279ec,511.956517,350.207492,318.400386,567.958136,714.301674,143.796959,826.936644,862.286914,B,1670000004
6e3687a3-10ac-44a1-a2a1-766ae3bbd94b,355.187494,497.283752,670.900946,122.995333,864.158834,364.416286,848.440394,331.765279,B,1670000005
653de9ed-dd3e-464d-b207-92afe981ea5c,912.059314,591.924381,802.178244,132.720355,124.563182,869.540895,986.823925,459.831973,B,1670000006
d48fe074-d810-4af7-8c23-0e6c7b165a70,990.107995,773.637152,174.483005,163.297511,144.249625,290.048499,65.305191,237.356834,A,1670000007
cf094c1e-88a1-432a-b655-7cbc0e2e08c0,106.002077,366.906841,437.457574,444.971535,353.880563,17.898767,200.385375,612.707268,C,1670000008
0302ba1e-00d4-49de-8a1d-1805e6c60365,375.620943,650.952376,320.533026,858.984951,435.01623,933.378181,518.446207,971.018416,C,1670000009
5a6b8616-fcb7-4fdd-b6f0-7aa4b6a9e329,82.508311,496.78416,191.079194,365.475705,590.128114,354.327385,705.857454,56.001421,A,1670000010
19e1671f-e566-4652-b185-0df87d4bf1b3,955.63279,850.303385,430.462908,745.658368,549.06285,310.706296,64.669883,257.616701,B,1670000011
b0c9db90-26be-4259-b2a3-d97ad94ddf09,557.576752,854.375151,477.950669,589.085814,769.683085,684.022496,773.300308,351.132848,D,1670000012
49aa0f54-67e6-4ea2-adfa-e12e48834849,142.306917,78.245437,778.330482,54.181235,687.960134,330.666847,415.637347,282.565219,C,1670000013
1a0436aa-e265-4f63-9577-5b4535046299,123.747438,214.014126,687.88093,524.183891,256.262821,508.112398,456.684253,685.24679,B,1670000014
39c6098a-8a89-463a-bfa3-79616d7d89c3,259.709052,895.657877,472.807069,18.527997,919.94738,132.499621,335.887494,721.25081,D,1670000015
61fd981e-aeed-4bdb-ab76-6bda4361bee7,793.503709,320.390589,426.205861,869.498333,955.888064,465.218235,479.799269,557.535523,A,1670000016
3fcd35f8-2d74-4567-896d-17f6eeffd4cd,712.530177,400.183214,592.856594,940.984761,242.336341,290.146489,152.238063,104.215019,C,1670000017
410c7abe-45b8-4b66-a6b9-0b88971f74c0,662.972094,192.244691,89.81899,153.576927,546.549214,50.10808,296.1682,758.958468,C,1670000018
23a49d45-dc9a-486c-ab64-4c220f8f8360,332.601582,871.474263,620.201284,292.874731,361.307946,324.969055,677.779076,558.027362,A,1670000019
d5c325c3-f8ce-41f7-a69a-e552b4d69079,804.709101,996.927741,243.801646,70.038036,450.014337,9.510301,897.959951,228.362533,A,1670000020
9be8e0da-98d4-4c8c-8bf8-a20f3a20e259,8.776476,70.67828,617.531231,612.536803,37.469922,731.480576,490.574552,738.213561,D,1670000021
73283bf3-8bdc-41fe-8734-8ffe8529d0d4,304.714552,782.431265,20.249589,447.950576,949.423602,754.429696,654.715432,456.853264,B,1670000022
70e4645d-2f56-4bb2-ab1a-c9556e2d554d,455.04467,955.823923,273.767095,388.94263,497.725291,641.991528,802.964004,753.350074,D,1670000023
353c7bc9-817c-4d18-8d4c-5c251156cb16,531.763959,91.156444,538.004269,320.251187,815.160796,928.797445,175.550187,686.10591,D,1670000024
3a8b34f2-884b-4338-8d59-a1eb446e6980,189.814,993.007732,178.063907,720.778065,381.077844,989.755216,41.941269,148.218561,D,1670000025
b0fa1fc9-d567-4dee-93e5-f50398c5d0ff,889.26385,500.702757,765.171023,362.601612,551.003757,652.303884,762.088637,170.725007,D,1670000026
483d309f-4322-4b65-b6c4-7f46ea1e10cd,349.038288,574.051653,665.499013,624.335722,636.469115,426.501386,702.969112,606.741438,B,1670000027
59081ab4-6afb-4bb6-acc0-8a98f0b3f10a,493.612744,435.179258,730.766003,351.717532,395.869678,664.788539,546.55254,960.144011,D,1670000028
d2329c4e-c185-4759-8496-bc679acaa22d,587.247564,171.859188,97.625068,488.001735,696.904185,575.49162,29.961004,739.963642,B,1670000029
c409f380-05f1-4a7a-8ebb-cb52077dfd62,811.650692,160.958295,881.190864,38.723764,128.299173,685.514317,176.204128,503.992678,C,1670000030
f5f97600-5448-45be-9f4d-1e700761c260,115.936213,814.798945,699.812884,708.665665,528.824788,953.268526,499.670468,356.996389,C,1670000031
5420cf82-bb19-400d-8533-31c419bdd54d,202.914638,468.242386,304.387518,956.735274,976.379834,189.342018,304.756145,824.386956,C,1670000032
8eba5930-cbb3-455c-a988-a4cbcc33c765,151.993741,736.946929,830.151673,582.075375,38.782738,370.100464,135.555754,420.071097,B,1670000033
62c1349c-65b2-48cd-aa22-2d30ce4198e2,830.631921,277.173252,151.44635,769.133181,598.455512,68.729996,591.455656,500.345759,B,1670000034
186d9e7c-fe8c-4447-8c76-dfe56a65b0eb,697.285423,369.890939,727.099419,195.939234,437.74247,341.44712,485.624111,163.360258,A,1670000035
ba9adcd1-15e2-46e8-8d51-6b488e46696b,570.353841,16.351162,785.845859,699.898727,882.826709,569.659642,144.349244,187.975173,B,1670000036
19eac6b4-6085-4796-83c0-358a2a50a26d,623.038194,946.075538,413.550625,834.485103,832.66525,577.862437,26.94193,752.633813,C,1670000037
47386898-1408-49fd-ab75-f1de81abc2cb,373.772611,947.637946,218.089642,273.883896,601.590364,975.248607,296.316826,943.924797,B,1670000038
406fe356-470f-4f87-81d1-c5db7b31aaf2,494.576033,863.921732,745.005641,185.291722,59.357891,999.165642,299.210306,44.450169,D,1670000039
9b1c540c-46ca-496e-b369-f44834ac11cb,239.815351,516.175991,823.258941,142.905846,980.173675,645.34952,936.99728,261.500734,B,1670000040
4f6d02fc-e86f-429a-b046-e88983c57bb0,32.117145,476.751819,806.989199,81.177237,56.68689,481.694511,605.37442,505.852778,D,1670000041
aec4a982-2ccd-4779-ac86-4a85b6a09252,481.958344,218.159412,787.851062,444.504926,471.21055,935.09862,453.422392,170.252908,A,1670000042
813978d7-2265-43c4-930d-e6257fe79ff5,703.664019,246.541046,696.456856,307.486685,484.615876,537.62576,745.348395,507.280909,B,1670000043
572e04a7-e8c1-430a-b20f-8160b2019abb,10.52293,338.501086,977.917254,497.618255,302.382505,970.493236,867.402617,748.871073,D,1670000044
ee0ea3a6-0da9-4cfb-86f3-0516e2d70b73,460.917055,772.464691,585.629826,433.045249,649.591792,409.123622,379.158885,449.226181,C,1670000045
05a15a89-b0f9-4771-ae26-4952b3aeb569,908.375502,767.887077,147.673607,278.842872,437.658613,129.474218,506.16013,568.223829,A,1670000046
2a02549b-962a-42f0-9ec6-5c2b508ee3f6,140.957891,938.707435,624.159225,113.704552,267.674567,23.012769,63.503182,512.607221,C,1670000047
fadd6089-ecf6-4d8c-abe5-121b0b7de312,148.069367,34.018432,693.148457,386.81004,478.801188,221.945861,928.87239,94.244354,B,1670000048
35c3ae56-4cbf-45f0-998b-1911372180f3,832.435123,441.852977,876.522455,939.774712,639.92498,961.546969,905.229723,605.983027,A,1670000049
a4496cd3-a8fe-46b0-9fc5-44ee10beeafd,437.584505,315.721584,88.036945,871.429128,997.502337,833.667643,238.21015,18.142602,D,1670000050
a6606c29-d62c-41e7-b596-fff454ca0a7a,719.74156,993.446128,79.013915,119.621928,630.139437,745.587653,770.228956,625.758753,B,1670000051
409c33c0-0aab-4ab2-aa2c-296e52adc161,83.825674,201.778694,261.332327,343.803169,643.551099,423.778083,172.379662,254.078211,C,1670000052
f808316b-9f87-4c5c-aa5d-e9b58a5f169c,655.054729,30.182777,586.897678,657.084494,984.633677,522.18768,216.816021,964.141801,A,1670000053
c2175849-bd9e-4171-9154-b30d774863a5,969.606933,795.480862,531.171396,489.063468,602.84271,764.531741,3.019195,464.154867,D,1670000054
1dceaf38-f2bf-4ca4-9d23-593aa783fee5,369.19463,476.587619,632.82058,649.838218,321.457419,362.880291,249.480467,667.697087,A,1670000055
38dd5a54-206b-409e-882f-2eab257a96cf,65.095918,757.362137,885.895672,729.138342,129.678277,334.923864,866.094905,781.75321,A,1670000056
031ee6d5-1593-4115-90d0-86b86ca6e27d,87.836997,497.088444,230.658428,265.249426,376.671031,334.430901,748.030109,108.771008,D,1670000057
df0834c1-facf-48ba-86aa-17a43451870c,437.349252,249.221841,402.366994,850.045639,555.760762,553.879306,673.265962,484.123182,C,1670000058
14b71a2a-792b-4c87-b235-23ffb35ff15a,411.90701,387.597757,444.903641,20.547289,727.903366,174.992073,355.491116,478.833141,C,1670000059
3d079706-a4cd-4a6f-a3d0-036183dd7066,355.894388,418.201185,912.172372,90.772019,326.609919,241.743055,112.854182,826.385938,A,1670000060
7ef0fcc1-0c32-4df1-9387-d851f80d7646,876.519319,258.147021,787.304078,386.761388,698.835143,543.015187,35.6306,422.795498,A,1670000061
e80bed61-eaff-4ca1-9eb5-c44c3d901977,770.531977,341.47934,608.214212,294.255674,895.40929,255.509916,223.559678,248.894783,D,1670000062
c9a2357e-7010-4da2-8be4-9e5021ea138c,723.885065,746.078012,672.911518,998.328928,721.740892,207.54717,866.29741,138.536315,C,1670000063
93162d84-d791-48e9-be8a-95113722a319,413.918523,181.785363,864.44642,236.797753,495.276233,702.83914,461.589657,171.060315,C,1670000064
154b1ebe-a5f8-486e-9e95-d76fb0af4df5,531.711734,329.268463,121.985707,271.730061,477.473563,825.172635,462.238482,55.481751,A,1670000065
c31b5cbb-d600-4b1d-98de-206a716641ab,46.635111,225.314489,60.166893,175.642688,510.926671,236.321842,826.346108,380.097796,D,1670000066
d9a784a2-754d-4a18-96e8-46ed107303d1,471.442997,300.915625,540.472992,351.145872,337.259159,926.088235,829.405593,405.141977,D,1670000067
0a41c741-4313-4431-8e39-fbb53615fc28,587.695762,333.675394,712.310911,78.265078,226.838301,527.61982,376.65853,668.607391,D,1670000068
02e2e426-a95d-46bc-ae25-56ccefe3518b,106.51201,90.00625,341.073165,305.388064,3.30244,342.584827,269.10084,995.681331,A,1670000069
d64a6939-b1f2-4760-98da-eb6452a32caf,64.192955,15.860906,73.094249,504.53671,663.388871,267.863442,538.321647,569.810111,C,1670000070
a1c14edc-219d-49f4-b152-5be1ec965cf0,998.470401,187.724317,19.617342,161.653687,17.538412,389.07236,692.656097,9.809212,C,1670000071
c5cf0cd7-77a7-4633-bc97-703f2a1e87ec,389.53593,384.453556,483.582461,524.632269,243.771119,701.557965,162.106256,873.50845,B,1670000072
b84e473f-b20b-484f-8e2c-f36e81bf84e1,514.852372,173.091017,171.249483,391.015295,181.274183,298.495681,581.530796,457.942938,B,1670000073
f42fa55c-912b-473a-89e2-d3354e939965,99.410417,527.850381,646.002171,422.316562,739.856823,305.090337,322.803584,224.190918,C,1670000074
44f3fac1-5a10-43f5-b446-0586b2e3e0f2,670.625928,802.367509,848.622172,315.857358,93.159344,381.305529,52.772692,847.671881,B,1670000075
de68c278-bb64-4937-a913-13d4acac7802,46.231002,235.416698,102.567186,972.442843,876.832475,242.720679,382.084137,116.340578,D,1670000076
a9153a6a-4a4d-48a4-bc2c-b520f7f10fde,442.052444,793.021165,391.596379,370.507883,397.921459,874.136678,777.882083,878.234175,B,1670000077
9abe28ee-d9f3-46dd-8f19-165774493148,998.583405,586.561573,234.470279,57.179557,313.977129,931.781874,72.677524,332.083382,A,1670000078
99b59c58-97d7-479c-97d9-f1b9e8bf26ca,9.947303,354.802144,527.585107,346.000742,7.229467,549.092674,948.923101,148.363429,A,1670000079
7d10ea28-c36e-4a53-987f-768d12bebc8d,907.946179,327.088478,272.820587,88.69893,237.7909,271.485822,852.230687,388.157158,B,1670000080
6c487412-10d4-4b82-bd98-46a7ed36e33a,237.054948,777.178714,477.743396,791.273982,258.157789,691.993609,921.430849,33.022063,C,1670000081
a5f38021-4d7b-4876-b269-177e89d948ee,28.891686,216.87702,718.217838,951.669325,575.723275,145.676902,641.640193,605.2335,D,1670000082
788aec75-b084-4634-aa02-7506aa5ea6e2,632.244953,161.9692,776.104049,895.656997,736.6979,934.262444,350.538014,547.358795,B,1670000083
40a4faf1-3e1c-4d0f-80ae-f60c0735e780,913.498379,87.295525,228.774231,482.878895,782.973019,823.286917,132.7928,474.236437,C,1670000084
bbf75a0c-1483-4c1c-b3e3-d6e86bf64026,457.013138,251.119076,778.469265,920.333988,580.945044,486.805003,659.313029,100.57425,B,1670000085
bcb78f9d-4343-4a97-8493-4d7f9c38b0cd,98.430571,36.588534,122.48092,101.171041,439.122975,691.565313,500.568599,102.428536,D,1670000086
68b85e21-34ed-4cfa-a9f6-01e5b70bc5a6,589.71188,185.917311,794.173205,257.161821,500.029283,108.081308,187.261239,70.090952,D,1670000087
15143bff-0c24-4cb1-870d-7bce5f9663db,271.551153,353.630611,513.338558,239.380888,579.381549,159.011477,900.463383,154.17241,B,1670000088
66698dcf-e1a8-4ace-b747-2c8ef56efb9a,262.086785,470.725391,188.341641,394.437631,16.174795,13.161979,680.823481,884.722222,D,1670000089
a529c521-9119-435a-8f3d-0836de2bcfd9,947.827903,95.36408,994.958061,404.439817,585.603613,918.348505,831.226526,68.650177,D,1670000090
5cc91d5f-46bb-42b3-ae8b-d850ad47bc1d,430.308963,143.397549,423.718683,809.384564,779.895873,284.737624,40.447902,927.257732,D,1670000091
50c86923-e1c8-4f68-b4b8-c3f4f92e7cdd,854.081504,112.480633,379.382219,443.74094,315.087165,200.257414,41.801971,376.490833,D,1670000092
c3efdf0d-8946-4399-a2a1-5164174907cd,780.614483,921.401993,394.999255,884.851711,669.745091,135.171698,291.732079,602.504513,B,1670000093
1323246e-c8a7-47bd-8cba-7e2c8765d90d,386.008086,745.855546,843.246119,617.50461,907.870629,525.230004,955.550849,751.483331,D,1670000094
8bc7b53f-ee57-4bbd-b309-2f26b111226a,869.92895,855.91211,519.627846,165.703653,145.024875,965.761462,866.123219,154.001092,C,1670000095
520cdd1a-50c2-47a9-ad15-9b4b824353e9,179.676533,627.786671,0.397424,676.607826,553.205094,200.427983,921.753761,421.068457,D,1670000096
39a03f8c-31e2-4c19-b4b0-44613b677c30,461.687939,733.978151,386.147483,533.877771,421.817432,888.71258,7.475255,589.846153,B,1670000097
c5f84ef3-7d4a-4356-af62-659c3ed81f8b,681.662977,126.160401,815.184744,428.512313,723.408723,251.640331,579.398234,798.162592,C,1670000098
8d415bc3-520c-4044-a4bd-2fb947a6aebf,350.54369,554.329567,330.325266,820.834887,549.719967,427.579195,790.529725,89.808755,B,1670000099
a57608a6-9ac6-456f-86b8-14ceb6e5ac9b,418.952497,250.30194,248.470499,464.33377,808.999299,29.393517,91.979009,826.005411,C,1670000100
1ee46364-b258-4ed7-98be-5281c7ad5053,223.044773,182.419873,466.780022,888.377699,299.2888,74.265858,332.796743,922.593034,D,1670000101
6fd2b28a-3071-41d2-95d9-32b08af55c81,754.651278,550.081772,422.640614,93.948086,503.805227,17.13054,299.590929,179.949323,A,1670000102
1575d187-925e-4f1f-bf0e-ced136da8bd2,849.812166,11.624984,499.231834,32.193926,351.252034,643.843652,88.593822,943.479658,C,1670000103
7ef2615e-83c1-453a-a7e0-8f5744e7d247,538.692294,862.512343,253.65926,819.814824,602.761175,818.648653,998.183788,728.500155,B,1670000104
fe76c43e-2771-4856-9351-4038e8594206,623.953537,618.983639,127.891291,861.521138,627.26001,630.741173,767.524838,677.649881,A,1670000105
225f23f1-0cfe-42b0-a38b-46d85e9ad3ac,503.417419,157.983075,938.270677,773.127465,206.490887,321.246693,757.139406,728.728592,B,1670000106
e8f59348-4f23-4c63-8c1d-172bdb7e1432,460.468289,888.295532,716.351992,254.192423,560.917056,147.323946,954.600276,344.402579,C,1670000107
86de6ab1-7ec5-442a-821d-1404a6d8e661,897.604888,116.229277,73.37434,172.178528,936.10717,968.024602,708.049475,556.150902,A,1670000108
e0772208-dd19-4d46-b267-7e9bad0cb233,456.569937,856.587501,243.11406,879.927757,296.490136,296.298712,343.984984,948.314111,B,1670000109
34c5467f-b7a3-42d5-9281-3eab004eb4eb,217.460259,926.349801,126.671647,220.67657,273.997819,177.242293,228.067918,186.239756,C,1670000110
9d8ebe1f-7a3f-4396-817d-90ff32b73f50,141.216927,366.983948,46.240971,629.701909,288.383144,678.164644,660.57861,388.884216,C,1670000111
594701bf-2b81-4ee9-b263-f1e4ae4deb1d,654.813719,870.542416,765.48787,164.474846,52.081954,780.122462,583.152862,411.891725,C,1670000112
cb8a0e4a-556e-4c80-b190-e506812163f9,190.634122,450.542788,919.725339,383.589172,602.173581,185.614979,271.702797,859.144682,C,1670000113
4a2332ff-3696-4dd9-810d-feceef78a68d,385.204398,533.893386,683.158351,282.695932,118.422127,137.95929,432.567994,648.676691,D,1670000114
0f1a1c47-df60-4d98-84f0-31cbb38644ee,491.984192,919.327442,330.667311,251.384075,294.225136,335.966752,92.888147,499.085452,A,1670000115
f2145db8-a415-474d-b0be-f97447cc3d70,648.772516,601.190583,255.195679,630.731325,285.535083,770.822532,992.682645,567.216805,D,1670000116
0e214d2c-adc1-459a-9c33-4fc512d5b519,233.710269,988.410485,550.558464,737.452877,94.258061,782.477712,775.894844,625.603886,C,1670000117
7fa5fc29-034e-4c65-bc82-57993ca0bfcc,198.530012,692.396417,796.488767,498.032023,438.141348,210.770109,446.056658,178.450675,B,1670000118
7c0b5ab1-f201-422d-be7b-0a25b0f78252,486.727558,583.276794,851.954372,133.243642,27.371441,945.915537,825.631637,476.711792,D,1670000119
7c185034-9d1b-40dc-98e8-f346bc07f38c,251.438807,440.393058,312.189506,1.580124,211.115045,332.499384,115.028552,868.863031,A,1670000120
2de1dcd2-1496-4186-a769-d1b5fbb99174,859.999036,139.256024,894.174281,927.598108,893.196119,503.898353,399.61475,647.219221,B,1670000121
f1c95ef3-e1b8-4230-985a-a206576ff9f4,580.868973,738.049482,147.253803,147.503534,955.065835,953.912251,189.926891,329.353761,C,1670000122
dfe210d8-fba2-4c2d-897b-a015416edf79,988.18805,898.535431,411.049195,930.241562,587.716996,563.486249,428.389802,436.580991,B,1670000123
5be6e6db-d63f-4228-8f79-9369802688e5,654.934489,252.454713,895.675474,737.97,857.555908,692.062538,901.173938,518.515406,D,1670000124
d099eb7c-d677-4910-894b-546c0c24061b,261.090051,426.355354,560.605018,429.638209,646.027481,30.271253,927.816261,690.024459,D,1670000125
a854b912-9e70-4c7d-9707-cd5208234da6,166.107131,450.385196,36.098991,46.403175,152.143431,127.083573,586.546264,663.407761,B,1670000126
92beec33-7e0e-476a-b2d8-278615531000,1.129976,437.028772,64.86812,307.394869,920.912132,143.09265,463.38257,103.50806,B,1670000127
574bb0e1-a12b-4f01-a86e-0229924647a9,999.359507,846.350763,963.705236,200.283546,902.866402,312.935581,11.828253,72.585897,D,1670000128
f313b3d3-ecb7-4603-b7f3-250aeb6b3851,957.379752,83.633241,524.965287,583.846081,644.503011,571.966182,778.065051,183.763838,D,1670000129
762eed3b-a256-49bc-89f8-22954442144e,796.508888,621.531768,617.401127,715.721449,614.146084,382.015205,876.082614,496.259502,A,1670000130
cc55d2f9-dddd-4181-ac0f-16eef99cd28c,826.826761,830.750642,628.630279,779.783976,45.591506,174.154211,220.548781,69.195951,C,1670000131
269d55bb-c077-453c-8f83-caac5ffffa82,359.160887,788.033782,219.654998,212.84091,981.343546,9.310961,355.352186,704.990353,C,1670000132
51369689-150b-4c8b-8d70-27251a543347,354.244905,651.890993,551.61648,827.687763,970.925208,650.52032,190.895769,261.431543,C,1670000133
37b8ba70-d113-475b-b491-6ece9e684880,138.775523,866.857214,361.930238,56.609475,689.150367,98.968505,972.615453,673.809624,B,1670000134
71343cd3-6485-47ee-ba78-19db63a50541,791.33195,559.279238,175.587988,410.342723,372.812215,35.797701,911.278674,287.297651,A,1670000135
e0dc955b-cbb7-4794-8ca4-eb422ce1ce12,368.092314,914.526772,119.607484,770.453901,943.50041,533.114169,805.083267,340.42264,C,1670000136
a5badd86-21f6-481f-acc9-b046b36f39f1,691.941807,26.77497,400.752704,963.2202,99.602634,408.882211,654.342888,289.247471,C,1670000137
7fdd2d83-ea90-44e6-8327-eae244bdafbf,131.296274,428.739566,692.447106,649.366355,533.314795,814.136151,221.274076,202.357021,D,1670000138
a8ff19f1-2681-4022-9cfe-e24de87756b9,144.965262,100.482655,829.268727,902.284162,366.058927,755.084695,935.306906,747.197984,C,1670000139
17ec3b0a-4b2c-4f6d-a518-744fbf93874b,360.019822,179.125867,845.744502,919.255818,622.743576,551.663019,538.906885,114.146426,C,1670000140
edfb8468-da9b-471e-a347-1255f75130c5,224.200234,821.158915,944.179847,473.028298,0.056614,454.326142,880.819056,70.036458,C,1670000141
b08d52ae-c53a-4a6c-b530-ce3f8d0c26e4,75.532416,262.679188,714.463349,153.127916,201.100826,833.985263,784.902955,879.293667,D,1670000142
90e92329-ab8e-400d-92d2-9ba96fe2bb51,311.679996,22.491025,153.448225,590.102262,849.18636,456.567019,995.659858,480.18964,A,1670000143
8b5cfe23-ce8f-4561-b5bd-a1dcb843da14,686.375821,344.378491,712.750569,242.604536,414.246976,911.746786,141.127376,218.541169,C,1670000144
da3f8a4f-67a7-4eec-843c-c45f5300c7af,56.642634,101.054059,498.995655,674.584229,838.199991,495.40017,693.853272,371.760636,B,1670000145
09bbe23c-42b6-40aa-914b-57ee8346c059,809.145986,842.865125,597.897834,394.717841,845.59852,521.341363,583.399169,498.764745,B,1670000146
30620514-2ec4-4895-841b-76cd7192742e,431.960542,905.027696,534.457342,734.684845,451.826582,556.441481,590.447606,597.491279,A,1670000147
0006289f-4b72-4cb3-b662-7fe9ae771253,243.087392,416.06303,59.371914,746.336518,558.888987,855.711458,361.487172,372.647772,B,1670000148
448e16b1-257c-4214-a5aa-a2abac6fedc6,708.311615,616.435092,298.467878,405.376333,441.157667,584.96504,137.818078,950.546708,D,1670000149
2fe8c81e-2daf-43bb-b907-2456158c6c38,593.760592,423.650152,339.125852,12.591669,232.74999,886.637117,259.602589,640.313353,C,1670000150
dbe46176-0130-48b3-848c-0fd79ea3f8ee,703.926278,965.49521,184.798953,722.39496,986.906789,819.261457,391.468359,939.214752,D,1670000151
5fccfc68-2830-42e8-a9f2-01df63367c42,10.113717,699.411095,129.148666,796.294961,861.843615,832.266191,145.588904,503.346668,A,1670000152
47605410-1ee4-44a5-a5c7-6691795d2eda,160.025863,495.901684,968.792848,646.035834,594.016621,300.419112,483.909462,883.570404,B,1670000153
9d0d1dab-3787-4ecf-98e4-d8e51c8d9b1d,4.434261,969.74424,727.104,982.269663,626.207041,123.328674,545.185053,24.009095,D,1670000154
2f14479e-ff0b-4ef0-a823-40a05281a2d7,904.861825,355.143404,866.37528,451.58761,326.302653,411.152443,666.526649,993.667129,B,1670000155
fefcfef6-349e-4c36-8abe-a6ceb1103c9b,620.957705,635.238733,596.881374,678.786047,35.08766,579.422999,389.097111,538.559943,B,1670000156
1fd03500-1b02-46ff-9c7c-f977cfeb6ff5,958.951009,619.680538,501.948091,814.73463,381.31024,8.103181,721.33744,505.472568,C,1670000157
49bbf66b-9322-4027-b2e9-edd86ab119ec,723.833174,595.136433,735.656523,646.131946,837.629667,565.072172,642.276879,921.564085,C,1670000158
39a1a955-938f-4166-9e01-4d787a6e1715,769.450638,941.058113,592.223877,903.192881,305.381307,49.740605,101.211327,32.616068,C,1670000159
4d3cb84d-d56e-4623-8b61-1e5ae7a237af,790.62947,740.167484,421.655206,611.518583,846.682493,303.845351,651.103766,531.625743,A,1670000160
e572b481-3970-40fe-bc79-816d8d1aea7a,911.376888,569.045126,59.724832,538.612062,804.643087,759.479262,962.066469,919.666449,C,1670000161
fee613df-f213-4f19-8e8f-677d4e031fb9,707.452258,470.718229,197.902421,770.294647,205.420749,411.071338,277.343317,111.107712,C,1670000162
29e9541a-1e66-465e-8d74-a678ff4d50e5,50.619778,336.307011,720.824937,233.583073,897.502356,957.858668,462.597753,145.466167,A,1670000163
23466e97-7f3c-435b-ab57-35f152a40bdb,252.6758,351.443234,501.121108,950.575591,56.614808,783.724851,288.30294,678.598924,C,1670000164
c9ea9d27-2446-4d1b-a244-7d60afb17862,270.757204,107.069422,176.462715,271.647115,32.939254,286.048914,374.293007,207.714531,A,1670000165
95f08ef7-fa62-4241-83cf-411ddd70c039,632.655303,790.101531,261.31273,929.363592,732.846724,906.429969,85.913698,647.900778,A,1670000166
724328cc-a03c-4665-953a-0bfcad2675af,966.766357,540.932765,169.125564,424.939678,193.284662,62.800666,221.336131,390.329654,A,1670000167
ab66694d-4695-49e2-bad1-45a3b4f17b88,502.819984,683.530909,174.836684,654.145659,679.07918,283.477703,349.478586,414.949517,B,1670000168
6a296b24-beba-403e-88ff-4888acd6032b,476.224354,173.824325,177.108753,229.332908,127.562497,407.805403,817.551903,511.986676,A,1670000169
87ff147f-9100-47ab-8785-f0ec6ba2096b,748.042853,522.951921,764.214276,37.318803,162.39459,304.608731,820.79105,809.948548,D,1670000170
90148645-8b8f-4032-b932-7422f6887968,891.507397,860.958565,442.01911,816.124372,794.159508,414.545986,482.56829,199.336868,A,1670000171
84cd96e0-dee6-4d54-9355-cb765d8aa7a4,411.38562,883.576064,922.222611,96.609375,56.755031,910.708224,891.143162,17.693741,B,1670000172
2e8bb1b1-58b6-4631-a5b1-0ed2768f0a7f,33.034721,435.375476,210.333231,701.850348,856.241366,0.787056,392.1065,98.502905,B,1670000173
0f387c19-7cd7-4095-a9a5-90e8fb05e6df,424.848975,510.044738,141.884764,666.523792,789.767615,436.577041,341.680435,838.364193,C,1670000174
13b9da23-64e3-4ec2-9429-61c91562b997,936.734544,886.058255,510.51035,864.806454,842.481426,229.475373,898.322245,237.57558,D,1670000175
68f4577b-20bc-4100-b1db-7e47eb16e717,270.592193,441.630046,870.083666,584.351326,476.477856,354.503889,318.290806,791.823318,A,1670000176
42f993b4-78e6-40d9-bc70-c9c4af4cce97,721.022545,301.500832,752.933393,40.462856,544.691336,383.432268,857.56924,275.397053,C,1670000177
3e532a14-8685-448a-8cca-4ad06ece8d31,546.720417,605.717509,186.395034,921.706995,472.812886,998.152441,604.740288,471.887179,D,1670000178
921dd4b1-04b9-4386-93fa-6321eb2abce1,256.552464,68.104876,838.079032,767.097805,115.586475,42.395502,49.673861,476.733823,C,1670000179
968683d3-2724-4553-9db0-b27d3fcdbd6f,219.313644,184.08406,839.551838,253.019836,286.989928,971.974553,863.680139,392.414154,B,1670000180
6bf5baed-d555-4848-acb3-4d44cd66e2a7,391.650681,200.156588,246.043023,422.217177,128.156749,182.760731,2.44685,187.126879,C,1670000181
fd8bd128-e99f-4389-bd70-0a15c096a7b1,532.862921,132.83706,160.79175,864.784894,701.808794,122.970353,57.123687,115.369495,C,1670000182
5abecf9e-f212-4b2c-a82b-253e3199c925,697.140373,769.475007,558.40525,611.338841,158.125673,299.778921,416.527951,0.226325,A,1670000183
841ee662-1c45-47b0-af39-4c82c731f3c0,81.435778,94.546576,240.286467,29.949907,431.767028,760.623663,471.088813,338.96251,B,1670000184
15d97535-b383-4572-8740-9021a0a7fd94,859.227947,190.735893,666.326164,18.080996,54.38122,514.554246,126.054386,745.27765,A,1670000185
6d7ea21c-ded5-4829-afdc-84b138c987fe,999.35213,458.846366,229.816257,191.644957,983.374759,477.315806,883.37403,232.575291,A,1670000186
9701697e-2361-4553-8309-7fb4bdca79a8,215.858468,308.853844,72.681655,905.10084,360.327498,548.714151,212.726946,504.863829,C,1670000187
fc500ed3-173b-49bd-a8eb-4b763a509ecb,257.049942,511.231239,605.07583,243.312494,751.914699,770.27196,708.805171,26.715104,A,1670000188
bb11fb05-c44a-4864-bf18-d9426e0d55ca,995.243689,421.558855,915.878485,262.53007,265.547449,40.907414,341.27463,165.457918,D,1670000189
6d3dc35c-1f9a-4bb4-9bbf-cd5392d82136,72.620847,992.900896,46.650034,995.762908,670.413096,97.060754,621.731007,352.853467,C,1670000190
82eedda3-bfe9-4aca-af8a-d132de64ee2d,656.469962,233.367835,677.100328,150.295609,190.413049,865.139318,854.892722,294.259016,C,1670000191
621fb9a6-264e-471c-8e33-2802606bf506,230.100679,943.99183,954.235452,80.975903,238.052939,831.084699,549.335994,59.10684,D,1670000192
6cc30a94-4c15-4a0a-8567-6e05f3d3efdd,482.603401,899.411639,102.915911,597.140771,275.710592,274.365239,76.390121,812.916616,B,1670000193
08c9da60-6351-4608-b8fa-8f06c878af5a,601.921253,566.375648,462.833882,846.921373,711.929622,425.009553,236.494202,371.039318,D,1670000194
72c3cb2c-d86f-48ef-8515-49d16a3b5e05,934.742903,143.743614,186.936425,865.715878,996.663291,947.897564,843.232133,5.806858,B,1670000195
9dac7a0a-f30a-47d8-84de-46bebb458273,961.302905,205.938969,330.969891,888.530911,744.789149,980.27133,682.702098,847.622398,C,1670000196
f16313d9-5656-4ede-beed-ec3d831770ac,191.637498,168.076925,137.244138,990.649233,491.730528,1.20535,343.370334,80.671411,D,1670000197
bac72cd3-e090-4ced-b14d-ac27c95de9b5,565.2024,127.249596,501.663881,695.789528,827.667542,121.378173,44.891502,759.04474,B,1670000198
dcb431bb-30d5-4f3b-bbf8-7cc44961ebc6,146.567869,524.597084,885.86946,819.172771,591.446714,443.940123,769.443113,611.47226,A,1670000199
c08fd4f1-f582-448f-8503-82ed56fe7db3,64.252193,784.290727,436.267965,203.98628,8.330997,880.698241,891.669004,351.000814,A,1670000200
40e3c094-bc55-4cab-83f1-0ef15ea2db7f,219.159935,867.606318,485.174822,27.468669,716.805321,433.890298,242.347814,825.075947,D,1670000201
3b241626-d097-4b8d-a819-7f6d199ef502,435.413734,688.522099,649.872433,88.510001,485.918835,16.406442,99.33737,850.412795,A,1670000202
d8f97bf9-f8e8-4cd5-a3a9-b412f3223f96,619.973836,482.049271,164.121228,17.840427,271.343185,172.512272,9.992797,457.832871,A,1670000203
91aa8bb1-8bfb-48a9-aff4-ad1dba487cfe,104.107845,64.907241,672.596719,311.485769,902.982327,285.014796,634.867135,451.41452,A,1670000204
cedd4557-8032-44ab-ae36-f70ffdb13a57,337.605845,23.020859,422.896806,574.005247,231.613699,225.769146,745.774774,165.758368,C,1670000205
0a4d25b9-af7a-4b35-a5d4-e4facc888ef6,179.313251,553.481189,486.264253,536.405627,383.062068,897.917178,117.845414,811.741982,D,1670000206
147d013c-487b-499b-99ad-3f23f226b418,498.02784,198.062764,745.682811,432.644604,955.982987,964.565504,197.510507,984.431163,D,1670000207
2be75c37-7536-453a-87b4-712026599be1,238.877546,278.361282,798.325069,597.764274,752.487186,177.940951,713.700196,550.004965,C,1670000208
d54177cf-d78e-4995-9dbe-7ff3a5071119,114.69374,462.792121,344.403679,717.433256,903.321319,650.728117,465.916755,0.649142,B,1670000209
207cc186-c452-41f2-84e7-1dacbfa30338,652.734059,460.000582,108.257821,312.343825,870.472494,60.662359,441.153934,176.413848,C,1670000210
38252ac9-25ad-4de7-bbda-fc4d202abd10,125.723174,771.113615,919.651721,78.834857,250.466737,257.756171,388.906608,202.622999,B,1670000211
6ae44931-8c88-45d1-be11-9a8ebfe79e77,827.24126,549.991,974.273142,125.150204,603.357339,30.02805,933.0662,14.455379,C,1670000212
505c16d9-1538-480d-b7f7-1bddc57b66d2,762.486092,803.573644,39.47953,262.301,590.937706,758.579824,7.72281,207.529367,D,1670000213
b9d0b6c1-6b64-427f-80f1-92deb3ff810d,267.964785,978.819675,672.573921,644.590619,511.164833,115.356715,274.042082,183.079157,A,1670000214
e9d4c404-dd3a-4857-91a5-4cec0c5b7aaf,277.67153,461.917708,204.268389,828.955286,31.060996,38.721721,930.239145,946.095995,A,1670000215
e516efa5-9705-467e-b7b1-24afb4d2d8f9,806.954449,405.139919,667.533094,668.771823,512.046263,284.548072,332.966598,845.535147,A,1670000216
9e41042c-5ee3-4d65-917b-2865ae4f0f4d,357.695546,402.165939,774.431406,180.842308,861.575987,101.823311,325.819522,817.80601,A,1670000217
03bd12a0-bf1f-4d57-b9fc-cd0f693d4a8b,991.342852,293.727814,247.230578,286.889536,876.52389,29.788794,51.124296,7.604987,D,1670000218
17c3cf19-3f5c-470c-ae89-7e51e8262b84,921.319463,214.762481,166.084064,25.137655,910.740263,876.264331,698.601855,337.664959,C,1670000219
24a7d6a7-b239-4bff-b83a-998f36a9b405,454.820758,459.565557,693.257767,244.79273,67.214446,203.239728,961.114113,513.944628,A,1670000220
67400d74-3abe-403f-9852-671404a214d8,943.068907,234.373339,76.840786,538.991947,272.433075,131.268462,151.027943,573.866938,D,1670000221
cf842c7b-6a31-45a1-a55a-e54c63336fb8,827.518324,857.384704,286.635014,930.546338,501.907207,512.89748,1.321652,330.034456,C,1670000222
0792d12e-672e-4db7-bdcd-e56c05f8fed7,20.083824,861.244406,387.428807,683.451005,837.257624,239.925325,905.15735,591.974667,C,1670000223
9ec28078-a4e1-4312-a3eb-2a7f2dbb64b6,610.899242,576.008369,594.431734,903.559117,884.088586,674.97872,562.37897,746.538906,A,1670000224
26ec8d34-3322-4ae3-9121-025fcda69193,536.514703,628.575073,556.133393,778.026086,580.85152,13.57481,304.969446,736.51645,C,1670000225
6f434aff-160d-46ca-8f98-37bdb41b7d5b,613.826822,547.191402,456.530425,442.761739,414.199222,234.661628,470.365922,526.524048,C,1670000226
6705fee0-e356-4ffa-89bb-134c2c44251b,118.948052,671.007404,362.055041,287.025102,328.678736,802.352365,123.72505,114.285659,C,1670000227
5555502f-d941-4f0c-8a44-b42d65662d86,486.863075,739.020459,968.73649,732.372551,637.737793,114.809705,200.136327,478.448217,D,1670000228
a65e87d0-2423-4a58-a53b-8dc942f0b125,403.78993,734.681664,0.553019,718.385434,807.789806,869.279736,873.255045,970.153527,C,1670000229
232d6922-97c5-4a59-8146-5f3788f6ff11,404.030411,661.374909,920.2666,824.418183,767.635949,206.275373,308.91747,773.2775,B,1670000230
4b1400cd-c769-438c-86ed-2de37294eec2,97.846446,203.876203,240.615943,61.55252,971.939672,7.183308,910.169064,211.98139,A,1670000231
48656dde-7b6f-49bc-bf3b-0f397f815bd6,362.876203,941.153809,484.095598,648.345941,801.629958,842.479965,471.948176,688.242988,C,1670000232
f157adca-5f7b-4a1e-9b3b-651ceb41e1ad,183.574803,818.531506,87.703744,193.105265,701.758517,661.914734,34.595358,848.273492,C,1670000233
f4175081-3953-415b-8fa1-1f32bbc4e1d9,278.406576,458.335504,622.566158,496.651893,450.048772,302.189172,289.270292,883.958705,A,1670000234
37a4cb41-7f00-451b-8eb4-ed81a7c105dc,295.020509,160.817732,729.109854,124.671904,741.824801,351.50518,686.749258,384.049208,D,1670000235
25ffee28-315b-4c88-8a7e-21a1f5fb00fe,382.41516,864.556829,589.176742,762.481257,928.874486,467.420106,908.490891,943.820854,B,1670000236
1e6b870e-dde2-48c7-8fcc-05cf09e23934,395.195238,162.97701,787.712621,255.611047,692.48144,416.93211,379.795289,938.456599,A,1670000237
94c53622-97b6-4919-919b-b8a56fb22063,339.152498,207.90376,276.262143,620.89879,924.497417,823.285753,597.987151,4.432106,A,1670000238
db557899-b320-4301-bce7-e974ecfdd63c,309.655208,662.96444,25.08092,97.812307,389.824903,911.233798,463.224302,912.201356,A,1670000239
cbdd416a-cb00-4d38-ad39-b258fbaf9a65,914.790057,502.882242,342.525593,114.4379,566.351256,653.588244,982.352936,702.586781,D,1670000240
42645de5-b452-4855-89b7-48780e82ac12,548.575378,865.273254,671.433116,286.699411,899.241178,221.131912,459.236941,307.854965,B,1670000241
c4c0af81-8ada-4940-92da-c19500d81ef5,648.349512,80.367785,361.244591,149.594571,894.753181,207.708123,574.65841,468.716209,D,1670000242
01e38abb-fc6a-4f0a-a436-e72b564b25c2,139.434938,660.566702,431.193073,171.212587,807.380567,19.590023,95.912536,691.304167,B,1670000243
b3912dd2-84cb-4d99-9f2b-7a34c64720e1,567.772253,937.255751,190.256419,145.945606,346.945577,568.270982,775.949079,324.325004,B,1670000244
693558bd-354a-477f-b8ab-c841cb71477d,226.748482,772.943434,403.922704,347.180245,871.503369,502.992039,589.539357,792.365559,C,1670000245
7096d368-58dc-4f5c-8e31-8b6161b00ce2,997.104126,126.194414,370.412423,209.906067,170.541158,649.68005,431.989635,439.526776,C,1670000246
4a9e1186-07c7-4eb7-8611-2a325be22007,814.544934,848.589578,176.080222,837.339148,853.419331,87.065272,970.151984,322.23693,B,1670000247
cb94b722-ac2c-4090-a794-5a3f0de67bd4,551.207797,934.377205,195.147637,613.243376,419.396688,23.54422,12.121139,89.682785,B,1670000248
f09041ca-82f8-4cbd-b1ed-caa41de5bb76,991.031779,970.175239,526.477027,625.522062,126.079549,392.86245,244.102707,814.469049,C,1670000249
73590765-3b91-485f-a0f9-126fd4ec4548,683.401552,738.175169,851.581636,197.732523,4.745774,744.647631,621.046008,930.796006,A,1670000250
59fa4606-01fa-4d63-83f4-3b8eb047ecec,389.469769,174.974073,975.293215,429.907615,623.850807,632.664371,679.912472,378.861378,A,1670000251
e22ed54e-7bdf-45a2-bfa3-33a616871659,319.750871,608.721107,363.973203,747.559644,686.141002,74.563333,246.46946,434.202749,D,1670000252
eeb565c4-0a55-4f92-b9f9-f6c3c1975406,129.858936,748.132376,725.672167,8.816625,209.30798,395.777431,242.530232,561.777659,C,1670000253
c6c3695a-d327-44ac-9b4f-e9a1b1bfb0e2,530.695488,31.349634,962.724341,446.533185,7.507831,276.819457,291.052211,127.664855,A,1670000254
bf2d33be-3a79-4270-8f7d-62d58836bc3d,999.513875,222.523945,372.745097,374.222578,42.123343,397.350113,830.596333,743.730163,A,1670000255
56119e3d-0d01-4c3a-8d33-06ce79070786,464.26478,564.626086,485.71014,825.307497,846.339864,527.96931,622.985812,726.6425,C,1670000256
c0d80c22-377c-4596-a76c-867ada3b9946,839.637156,210.237247,478.73075,265.438877,29.379973,786.309594,682.781457,67.238574,A,1670000257
74365784-826d-44ee-8a95-607f5334201d,93.467427,794.245382,703.968738,430.14353,461.880192,267.984645,697.775433,73.129751,B,1670000258
c39e934c-139c-4c24-ac11-9816417b5c62,756.899371,888.922388,276.505294,245.743421,67.926734,830.383975,588.920223,283.102597,D,1670000259
d64d6d4a-96d7-4ab9-86c9-39f0143a98c6,332.858622,271.284981,77.621917,285.828631,813.153567,353.185495,212.39839,44.938133,D,1670000260
a9168d1f-b370-4489-a5c8-6cf580e2160d,66.265329,272.987411,63.11546,338.232998,632.279721,855.063436,800.016183,152.262603,A,1670000261
65dd1bcc-3fec-47a7-b8ee-11bdc939c6e5,333.116811,611.804925,101.200298,96.322299,118.232106,348.654034,497.831511,200.021483,B,1670000262
8a3ebc7e-72ae-41ea-b450-e38445f1e9a8,657.541257,48.800427,951.788913,71.7193,174.638835,891.014937,507.728434,110.106172,A,1670000263
17694d79-6411-4240-bb8c-74fdcdb70615,142.210519,621.454478,409.360626,308.079716,561.942256,746.716747,855.772931,726.563069,B,1670000264
ae4e3d99-95c5-4e69-a89a-28203feaaa7c,524.128175,673.443838,302.795232,686.39559,613.685889,195.80755,237.344653,365.017522,B,1670000265
489b7a4f-3a82-4be2-88b6-c76d93b111c9,488.932772,709.487647,403.422116,978.079317,998.665367,83.240421,691.379465,817.79674,B,1670000266
dba01784-0544-4a7d-9465-f7fc1d9509ab,871.043699,214.235689,390.710766,652.640777,93.033429,589.609373,83.058763,934.677784,B,1670000267
659ab752-b4f7-49e5-a59d-03274adef87e,459.551112,791.412807,342.060712,421.697688,700.702911,111.285617,776.999427,564.463488,C,1670000268
f0e9510b-01a8-4db1-8ee1-9e284e69cd92,275.752241,507.596336,627.58257,681.318362,737.918584,818.623881,288.996248,42.554644,D,1670000269
263d51c2-282a-458f-a899-5c7ebc2ca47f,897.80897,386.708758,668.267066,252.73488,110.178867,220.853,210.772237,390.827391,B,1670000270
bb6bd222-f161-4af2-a42e-5d27079fcd24,893.423386,594.552875,780.274364,944.243518,419.15464,427.68619,157.502136,679.235783,C,1670000271
ed8403de-8efb-4233-8115-a16f8ecdd4ea,882.394724,201.070412,129.670079,934.503799,669.502629,927.589399,593.10554,260.660419,B,1670000272
39037805-d8fc-4742-97b4-e1dd6f04fa73,506.011194,158.981552,891.513281,555.511646,825.328497,652.415123,203.449148,320.210511,B,1670000273
fcb7bde5-aff2-4df8-821b-37613f8e791e,43.463848,539.774681,542.202591,553.507725,55.663476,963.710714,932.075716,941.893543,C,1670000274
ca15d15c-fdf3-479e-ab25-7d3c5573691a,745.051629,188.477905,106.390845,821.511568,890.758338,115.598567,609.65405,389.18358,D,1670000275
d8f5fde3-c0ba-4102-b6cd-4cdc2d693243,985.31566,907.829708,276.674468,38.825706,327.704554,108.917967,343.524655,396.047362,B,1670000276
50b1262d-88eb-4b92-ac55-4486dd32ea95,8.207537,814.804495,610.772567,146.252509,97.36099,993.967616,506.619801,432.131591,B,1670000277
fd140ea8-569f-490d-a5fa-dd79f5a43947,300.182553,45.451239,811.397795,948.262965,298.062383,852.801085,452.221718,450.839506,A,1670000278
455476bd-f15d-47af-9b63-bc124a2ac9c1,169.428773,913.020942,7.541196,526.841388,452.026146,45.572179,434.73428,660.695504,D,1670000279
2f5889d3-fa74-4aba-94c7-d9c1f0d77607,372.453515,193.418104,821.111515,267.135959,848.997456,299.64235,956.914368,690.444491,B,1670000280
d2126fdb-a6b4-4dbe-a6f5-a19cb38a09a9,808.862784,470.244107,867.252885,834.982298,548.539618,503.748281,637.625774,684.878913,A,1670000281
9265a0d3-d5aa-46d7-9114-b1ea53e40347,877.223915,854.524411,129.628478,943.406532,787.35335,827.686638,9.471776,112.951274,D,1670000282
a5b5f9a3-d6e8-4b5d-8314-24ec20eb59fa,371.976162,97.794392,828.950823,236.029047,831.336183,173.116099,545.346688,874.917038,C,1670000283
add43525-e3d6-4873-b9a9-362b60d1fae8,478.989208,80.977468,344.212555,453.206291,694.573645,649.772742,455.417165,627.170727,C,1670000284
c47cf5ad-02f4-49b2-8c77-40092469b7d5,372.60702,729.136136,940.801096,161.935403,584.303226,204.504391,976.172233,118.833911,D,1670000285
9dd7f0b3-813c-41dd-a841-be0d6e204131,452.547461,163.890776,75.018358,265.163351,301.695794,387.572697,471.284574,333.580885,D,1670000286
eadce6b1-d104-4435-a90f-ee8dc3ae27eb,948.644127,667.310088,274.207099,347.330247,949.295768,180.446748,929.768374,976.707137,D,1670000287
c9cf7535-7e4a-4eca-888f-9b6bd1f0a5ac,143.057628,728.931068,843.006799,572.619797,318.092486,750.952264,41.1531,551.745043,B,1670000288
db68a02d-4576-4021-a2cf-2d901b13014a,673.47609,799.569185,552.532241,442.171204,242.654729,559.850636,384.735352,941.306475,A,1670000289
5c171bd6-4655-4531-ba4f-10dfdd765d76,234.813659,713.862232,39.383848,753.252633,963.949265,2.166854,467.020599,683.144194,D,1670000290
e284dc25-1a44-42ed-85b5-a84c4bdc503c,389.202795,906.391653,335.176844,51.043966,251.524655,886.182062,732.441093,760.211275,C,1670000291
45733339-8fb8-460f-81e1-3f1415447678,17.721634,786.456258,281.102243,93.032358,442.766546,510.026093,406.103543,124.909525,D,1670000292
13967be9-c528-4188-98cb-d7394f9477b8,280.472951,989.806576,702.306467,183.469506,354.73433,85.764064,675.751677,871.305354,D,1670000293
48d99353-b67e-4d2c-b6af-9f8b3352d8b9,324.996103,952.287553,321.105502,186.323005,263.751948,290.747722,382.507452,615.720898,B,1670000294
c4604264-bbd5-4e12-8fc1-cc9442403f23,74.530655,0.3259,535.257628,417.780596,981.651766,92.595494,805.540895,388.974806,D,1670000295
9686d20f-df04-4982-97de-1aa65821cb88,873.227004,431.337873,95.784091,532.461801,215.07077,13.451313,998.067132,906.056415,C,1670000296
2f5c93f6-d792-4d16-bde8-0b098820a5a4,825.305019,415.500383,391.29694,152.090267,395.190862,160.026773,457.112861,406.167108,A,1670000297
c7fd60f6-bf64-4b7c-9cda-fe6b50098c7b,765.351314,628.796537,68.400683,42.235791,143.560396,633.617426,764.85535,61.188114,A,1670000298
30ca884b-a37a-47b8-8095-99a6ebea8a7b,155.533639,51.283841,442.630188,325.56428,94.47326,733.881801,631.626944,392.632562,A,1670000299
25ea38e4-fe72-4279-8298-8ee80d49f89b,12.401183,128.58106,578.480433,576.366972,84.527563,614.977772,521.881985,48.278538,C,1670000300
ea35394c-bfc9-4bad-9bc4-97a2db4b471f,483.824726,892.508392,759.963122,884.211244,944.537915,670.416418,818.997469,117.273711,D,1670000301
566e91d9-96d5-4c8d-8052-f730bee0a5bf,248.168874,970.780168,739.80616,459.194874,99.757267,390.198608,443.343997,624.466078,C,1670000302
ea0be414-2fa4-46e8-a8aa-86e0fb93338d,439.709932,412.438443,88.559594,720.736445,596.546742,717.881277,816.78177,832.339096,B,1670000303
5aa3d538-4b32-40c0-869b-3a1b31b5761d,451.69903,514.53373,272.539447,107.892155,651.476404,92.113088,527.197739,247.42591,D,1670000304
94092e79-e327-484b-ba13-84b029d8fa5d,796.831129,920.88238,210.388506,878.244274,644.019313,856.249098,144.498943,383.135881,B,1670000305
6819d8f1-1587-4a68-84bc-85284812ffd7,658.589303,697.714849,981.350009,435.363614,378.237008,641.39289,676.065188,182.946675,D,1670000306
b21b0c36-5ac0-43a7-897a-8348d805cc72,118.195014,260.500916,255.505413,560.90582,962.904382,135.630112,243.015272,303.340631,A,1670000307
772b5a9d-8d8f-49e4-a3a5-5ded1ae34cb3,623.906359,979.149205,250.829831,981.871218,396.325852,258.326655,713.016324,221.350046,A,1670000308
515adbe2-2431-4f60-88dc-1591d347ac21,435.672567,789.703059,644.172352,804.411116,223.059636,36.736219,856.403225,213.058215,C,1670000309
8f7e0d17-09f2-4ebb-8775-d3fddeee99f5,808.22782,790.622621,272.840035,203.755676,76.100504,506.519995,369.394372,278.129741,D,1670000310
f34ae8e6-dc6e-4b12-a696-63ae23899941,643.874363,824.632043,452.7098,97.288414,57.917873,673.671057,679.159547,676.550952,C,1670000311
4044bb14-df02-44ce-8c01-9a7530dfd5c2,870.077706,156.691348,819.721738,719.887398,678.401695,615.60706,627.549537,411.597526,B,1670000312
05c4dd6a-c123-4718-8049-97d964d6e0f8,377.699725,80.857144,528.462044,334.050493,985.009594,167.221279,470.589949,327.745002,A,1670000313
b9add262-e03e-4f0e-93ae-005cdbffe8f4,34.490423,485.940458,396.419128,891.257434,265.359148,62.768831,616.064782,83.979882,C,1670000314
8ff5feac-17a9-42a0-8a2b-fc4d88a42609,625.721666,239.449865,138.380113,329.08872,690.932736,260.50771,516.444402,326.638921,A,1670000315
617c8d35-5a84-4dac-86a1-f1160c1a6ad7,750.49597,929.421177,12.720362,95.192845,295.019732,367.749622,515.36069,376.999073,C,1670000316
5dc358e8-e684-40dd-b64e-996282990658,969.909244,763.371602,654.032044,946.42427,79.39974,505.971406,87.868326,623.866263,D,1670000317
69cd537f-63b7-4502-affc-484c9fa3a9c4,405.903298,987.182536,325.907802,354.934095,112.438848,182.535234,745.920589,653.140079,A,1670000318
5c82d4d2-42de-4c85-8899-5362835201be,496.719118,388.8342,169.584793,120.263309,344.386802,353.591019,183.87246,6.692892,B,1670000319
135679c2-bd86-4233-9805-62bd6e53e108,214.012531,572.864119,840.238665,477.227806,70.12751,744.725946,374.274039,599.581762,C,1670000320
27f1ce03-1730-4ae9-bcb2-118e9fb909d8,49.615656,99.538556,442.749368,229.361994,550.718349,923.240152,61.046218,638.487446,A,1670000321
3b29e412-411b-44d4-95aa-e9ca51629f30,230.563281,362.178653,84.681306,468.326503,218.535652,920.296617,375.60824,809.560167,B,1670000322
7278dafb-9393-4b5a-9eb1-8c73c6dd7fc0,132.402242,184.968916,502.726471,759.671687,856.373501,431.79775,354.501368,893.708782,C,1670000323
d0ec2a5f-0af7-43c9-b7dd-d3cfc9868b5c,761.203227,888.553765,60.603849,841.048434,82.076415,205.054689,196.043226,367.679105,A,1670000324
8e94162b-9611-47ad-85e8-5aefd1fabf87,857.973249,758.764659,608.508549,716.808351,622.150687,308.962231,807.15027,46.151849,B,1670000325
3f83dab0-eb51-4e17-90c8-90f2a5641f9e,292.862883,796.245893,599.420725,614.390965,361.719984,39.518623,414.953729,309.815065,C,1670000326
e94112dd-978b-444f-944f-34dd316e2313,219.451216,185.755538,391.456299,487.444252,782.00539,613.269106,471.328725,610.999053,B,1670000327
80dbcbf9-9c24-4111-b7ef-640f6fd3cc2d,923.54882,215.754331,27.743467,932.708982,213.356999,608.271487,603.814252,182.48137,B,1670000328
781ade91-a0eb-4e13-bf93-181328f47ff5,812.517026,493.153034,211.517972,885.574711,767.569104,381.965693,177.937766,979.821057,C,1670000329
63bf566d-1da5-4157-903d-8a101b49e932,791.532189,835.303852,121.412227,429.237906,848.959962,431.616141,816.138204,581.933201,D,1670000330
bb2cffc7-16d8-4945-9558-34677d6ed658,191.877131,742.267948,842.103673,991.074443,990.338193,425.027025,272.977945,811.357576,B,1670000331
0154d3a6-e95a-47ad-8088-6126ac2eb7c1,247.414046,853.711551,760.558271,708.441166,167.439631,317.737668,429.044681,374.978179,D,1670000332
b2f8f0bf-5f1a-4517-ac3b-2f835f61f22b,861.362301,872.879795,8.102665,129.990034,886.759504,164.121332,921.382861,841.866901,A,1670000333
e5d0adc1-86b2-4079-b86a-4ff943d0dcf7,806.733321,134.979243,600.170358,0.693927,377.141114,336.221327,377.077776,437.969911,B,1670000334
99bcb4cc-c326-4477-8120-7033b22327bd,917.666948,890.200842,561.306439,339.485131,210.455224,533.673337,739.880739,102.264407,B,1670000335
12c711be-e432-4b76-8a85-cf24458cf399,94.912224,731.194228,820.206112,412.935111,643.254963,414.005186,895.905302,865.976925,B,1670000336
df158b3d-332f-497a-938d-494debf598a5,252.694446,103.928211,643.074359,166.923151,946.356398,225.898802,38.418685,283.737175,C,1670000337
cc444350-7b5f-4463-b950-af1de9d15c2c,335.129843,833.880532,86.081781,222.836303,590.903626,848.816124,881.194298,44.590541,D,1670000338
706d97a1-f080-4923-abef-065c530c8a01,466.734687,373.05551,620.969118,7.938708,434.486983,767.906602,303.911352,839.279491,D,1670000339
b0a73f38-c86f-4364-89f9-88a2690c6407,450.509714,552.298695,929.936658,670.414905,601.690734,179.689031,44.138065,688.860247,A,1670000340
b8b05f69-084f-4159-bf22-8aa447da58c2,967.682822,116.351008,986.308407,910.184409,586.633668,19.447585,962.686313,371.260872,D,1670000341
79abfe0c-aa83-4f30-9125-45e9af5b9e9c,382.94117,790.520892,402.022739,205.237449,57.494642,246.638079,730.236883,861.676556,B,1670000342
27b6c5cc-21d2-4937-9f4d-3544ca5491fd,883.479964,270.142371,485.049045,781.743598,815.350235,55.139768,126.154852,204.39572,C,1670000343
7c3bbbbb-dc9a-4687-ad5d-6ebf71475ee0,16.788286,662.158889,610.3968,485.453665,871.759385,59.680003,475.375202,74.042962,B,1670000344
53b3dd12-41dc-4ac0-a8b0-cca5d3f5e079,413.584949,506.752603,802.793272,504.950239,622.981236,414.987564,184.903776,578.487578,A,1670000345
e609b128-73d2-48ba-b03e-9528fdd038af,833.314856,998.24293,401.127025,417.087742,920.005411,171.23212,193.842053,694.642272,C,1670000346
dcb0c6db-db52-4955-af07-cd2f26be0d7a,447.342448,122.964471,746.384214,582.916945,143.123585,343.258678,654.262522,246.551832,A,1670000347
443f55d6-cc84-433d-afe4-7f4339b2f4c4,398.463349,513.843374,90.283726,445.743246,885.007468,24.087304,407.966691,837.987569,B,1670000348
706a82bf-b6d4-49ac-bb64-cf3b8fb0429e,429.019684,21.77702,765.128812,494.45235,800.425607,872.343279,627.611829,291.327697,C,1670000349
37687abe-9467-43ad-9a95-f98b289bb97c,668.870931,327.334481,413.754867,948.871414,271.042598,927.892783,486.027754,44.350072,A,1670000350
b2c0f48d-743d-4050-932d-c9ea89a7a5f9,871.653526,248.207554,584.689251,485.87231,643.82006,295.622248,3.965636,156.599091,B,1670000351
99f2a7d4-9efe-428c-8cc4-4c7312fe780e,279.315305,110.330704,551.750685,836.19453,224.052916,272.881182,610.805867,455.056247,A,1670000352
d41b2d56-24f6-4f3b-93b6-2869d5b3667f,950.294963,56.986257,18.845928,858.74722,970.247924,231.091183,614.290988,15.419333,A,1670000353
ede193fb-6ad7-4aea-b348-874659b9d228,631.127645,184.502358,667.996847,499.934252,259.020305,779.339186,432.109098,558.772896,A,1670000354
d526a2f0-cb7c-42f4-8542-de2e3fe439de,219.422261,573.229871,941.416999,283.956194,160.57163,838.94296,344.119104,807.708635,B,1670000355
7320af8b-3d75-45c5-878d-1a75fe70d433,473.731732,626.013242,480.054073,843.012352,1.289899,391.752238,831.550263,278.79936,A,1670000356
0e7876b4-4dfd-4e5c-89ab-1726a7b74f8d,996.347294,447.999142,751.770117,469.940275,12.632596,258.51931,917.040676,21.122266,D,1670000357
bd765074-857e-4906-b936-2e85e783807b,686.970138,430.611077,743.938715,304.412329,66.939468,519.314375,962.50242,29.49666,B,1670000358
8ef28e8b-dfe5-4b4a-9a71-c686fa0f2b63,704.145706,558.542106,888.428636,353.47774,851.849774,604.376168,793.372164,575.127823,D,1670000359
d668690f-85fd-420e-81e9-4000078c0da2,293.183545,183.634697,298.646228,209.152246,765.783558,116.061486,87.175663,312.046859,D,1670000360
13840d11-b472-4e6c-8faf-e3f66403d966,974.063411,17.277412,165.774819,496.779951,102.119047,430.818072,229.933284,668.826623,C,1670000361
76d2ac3b-a62e-4eb9-b677-65bfcc1d278d,894.61958,666.459067,17.398111,805.416822,267.570207,993.531585,353.879532,728.101761,B,1670000362
90ff8d5a-ab87-4526-a38c-4f5afe8a0132,7.209976,97.369041,790.818942,187.264571,511.281821,401.707197,33.869055,27.762816,D,1670000363
e0d71fd8-35f0-4260-830b-a8e2033df633,416.977757,98.579617,976.156189,35.22687,811.422233,289.808108,221.742421,674.281609,A,1670000364
7eefaab0-05c0-49ab-9190-e34ad02caa7d,467.738997,325.493233,7.151917,957.333569,506.604687,213.788805,762.257463,923.180034,B,1670000365
94e8185a-d307-44b9-9950-1304918736a3,649.11628,202.225975,318.915957,72.828801,233.811847,893.869635,519.832376,214.322905,D,1670000366
e1f07076-b6c7-4f02-a3e0-be109672b813,271.042885,599.197052,720.251961,181.2902,639.698716,78.097548,757.607366,660.010693,B,1670000367
4fcc69e4-84c8-48c6-a95a-496baff9c482,976.129373,891.014819,234.002689,759.898566,658.940826,144.443025,541.096355,636.557852,C,1670000368
7d470e14-838f-41b5-816c-51f8198ee5a0,136.458827,287.283018,976.527841,527.393742,567.010856,932.775318,20.356719,414.841632,C,1670000369
61349a96-5e03-4884-bf5d-9c695898d922,794.196531,596.16763,16.089903,608.244734,390.529993,81.042375,516.648786,765.467952,A,1670000370
71320154-6b51-4557-bc52-abe939700d21,80.082536,111.271498,497.376718,445.649953,577.79707,278.888597,876.619413,143.9303,D,1670000371
42486108-7d16-42b4-9c7a-7170964908db,699.857406,704.147541,438.392467,376.98138,278.733887,849.523745,769.039884,896.857757,C,1670000372
0d54c00c-8248-4e73-8628-c27ffa75a978,420.176331,40.999936,159.552187,935.650491,75.282681,561.255453,713.100492,58.039262,B,1670000373
4aeb881e-0bf9-4c38-8c86-1317d38188d7,48.508516,420.945289,590.807695,149.5306,254.941898,15.781542,735.073431,159.337527,C,1670000374
5fdc8c14-0d55-4a23-942a-d1b596f4a9d6,877.618756,937.942678,19.454891,318.665069,471.370516,639.333608,91.604401,260.384799,B,1670000375
503fd078-a3b3-4e65-81c9-e76f52c11ad7,214.086925,313.872492,457.343897,337.98027,357.841222,566.968461,85.347527,168.197684,C,1670000376
56c8b3cb-282d-4c71-8360-5db5bd1048ff,414.219581,202.363554,991.73393,484.599175,97.115254,660.887304,815.510977,629.087952,A,1670000377
e3f69e21-6048-4e1c-b3f3-873b2936eb28,436.048696,135.871961,88.484447,961.143936,11.184869,892.501861,332.031038,476.825997,B,1670000378
976b26fb-7589-4ca4-ad9e-7b6aff6c504c,459.878827,814.342208,363.212843,650.175862,975.975111,386.917848,587.51409,227.162915,A,1670000379
4df1449e-2090-47dc-9d2c-8f318b14568b,404.072548,889.871481,110.147161,729.684003,619.527617,485.64159,314.486414,205.159577,D,1670000380
89ace799-a383-417c-b529-d8cf44575457,192.70277,70.756828,205.979609,130.371045,897.358078,710.195588,650.017872,873.555159,C,1670000381
dae9517e-2677-4b80-ae35-0620e9b0108e,486.247715,201.801817,372.909611,667.450925,649.56918,376.725127,227.171017,302.869481,C,1670000382
ee097e56-cfe3-41f2-9508-ab00be7db2e8,97.433929,216.840212,209.40735,214.924802,659.305926,286.641613,573.824727,190.52335,B,1670000383
82c0b5a1-decb-4441-a6dd-d8890bf9c56a,412.838267,361.009038,922.730844,278.518695,836.014809,389.827196,336.647231,383.591891,A,1670000384
36889be3-cf5a-4b9d-a454-0b6397bd7e8e,606.17057,398.884888,784.586534,224.810908,453.805403,682.676358,655.760215,640.648561,C,1670000385
b0b517d1-c513-4036-96cb-230198f2743a,671.591899,838.969891,726.748302,526.851647,853.783624,94.414519,536.236632,206.694321,A,1670000386
74dd6fd6-5f81-4889-b570-0483d24b975d,182.427849,332.642302,324.521731,96.600089,84.599304,286.471705,483.278066,733.661584,C,1670000387
ad30719b-2c6a-402a-a8d1-8bfc9ebc799a,788.706382,569.086232,654.041533,817.784713,22.327109,174.312351,505.070091,473.555331,D,1670000388
db609861-8e4e-40d9-a048-12cc0355fe8c,921.641763,63.519496,808.888385,802.731902,173.966303,615.371563,222.204881,943.942268,C,1670000389
f0868ad2-2e40-4967-a9f0-9b7eb1cf35cc,162.771447,173.244384,807.191115,548.324446,408.455061,319.402403,934.962787,695.193297,B,1670000390
a3b2ed94-9171-4de2-8afa-7a443270afe2,107.450183,212.010329,482.89659,995.259177,901.633117,805.545055,489.36549,248.085672,A,1670000391
31bc6e0a-93c4-4b03-b6fa-2d51661c52a0,263.819478,642.396306,247.725478,946.474204,166.201911,511.110308,709.198816,622.096711,B,1670000392
f09e2d1b-64e7-4ec9-b6c7-4183c3b888a9,482.320019,796.747158,426.377235,551.695959,842.886736,506.291425,677.173135,209.530182,A,1670000393
d07b741f-eaea-42f7-b465-78403d5579a2,55.695106,137.654485,515.365998,43.033813,54.242792,70.520291,673.634369,933.150877,C,1670000394
8e0a6800-2b8c-493c-af58-1aefb469b21c,403.547701,497.984323,703.669784,856.666125,288.873164,513.895706,859.651365,925.014488,A,1670000395
5587e4fa-f5a7-4d9b-a995-1c58dcf66f60,993.56736,332.290932,991.328358,797.675901,420.620242,210.14472,766.486063,338.644266,A,1670000396
214e6a39-3831-4bf2-b415-1647717b7e64,941.882944,986.64109,191.418217,932.072436,672.294258,799.448056,383.464792,971.687426,B,1670000397
ad3f2f18-81c9-4ee7-9b75-d48518be3f25,350.95522,390.515587,679.034215,441.070034,115.69612,76.647576,453.217621,125.696872,A,1670000398
0f70cb4c-fb0d-428e-bc4f-a1b8617f6d40,399.386953,658.135192,157.332507,898.255367,520.820551,908.797133,286.581142,514.734509,B,1670000399
8816f7bf-1278-4a3d-ac88-9c74aabfebbe,576.049449,435.658224,75.143372,1.875589,376.507323,156.191617,665.882132,161.600735,C,1670000400
581cd756-df8d-4148-8927-d382e0b4c88c,33.641857,220.46933,274.681294,11.353138,389.774704,589.18195,545.622027,654.413944,D,1670000401
0342fb86-4b00-4fd1-8aef-ba3e0d9c97ed,458.080818,537.658593,788.526833,990.128028,958.060933,416.661596,905.271178,959.511641,C,1670000402
39459ce3-1eee-4fbd-bc39-3cc03fc98ab3,942.078831,133.821557,844.452647,970.472471,122.724075,444.250776,924.687008,211.122451,C,1670000403
98875f90-e402-4bbb-9a0c-a153f9a22426,608.77049,805.270164,881.413041,632.044879,884.117135,761.732904,191.158551,454.797603,B,1670000404
1adec739-fd57-4098-a52c-49273ce7c9f8,399.836758,309.236021,142.86502,121.175536,989.02712,192.111947,651.833888,9.552193,D,1670000405
68dafaa2-cb04-4ad8-bf1a-6b08b2c4e8c8,731.271966,953.946156,224.819579,578.98611,924.516204,195.789891,533.270896,34.713174,A,1670000406
f13d8ddc-8807-4177-85ec-80c52a5573a7,279.521588,911.166952,91.560701,148.501114,11.674336,865.264506,860.988088,733.814319,B,1670000407
8afdb2a1-4283-4679-8e0d-0cefc8137a18,627.387636,956.663852,846.478841,448.859905,266.968359,677.005802,897.303643,657.565092,D,1670000408
6dc222e8-8981-46ea-ace1-e0962bec493a,1.048187,825.124917,661.007153,482.722069,293.9798,223.446286,287.677371,508.517918,B,1670000409
6b98f34e-4cb1-40f0-a270-1d809ed7354c,675.527779,377.476063,24.664189,856.82529,177.483369,313.357366,164.115112,433.550405,A,1670000410
9c66e28b-6601-4ad2-b7b2-aecd7079b7dd,969.673099,108.050281,232.459284,884.037234,375.946372,935.716046,464.039783,419.472826,B,1670000411
66d308aa-b08d-4d7f-844b-7cb52f416f33,458.560304,348.346401,750.863968,166.974318,757.247223,5.447142,797.079697,982.953653,B,1670000412
ac06289a-46a3-412e-a514-8e389de8d2c6,897.993884,216.154333,72.673964,703.706352,964.918344,789.119639,703.071152,250.197028,D,1670000413
04d7ba16-bf48-4178-b339-03e1c87dd242,730.99652,393.578737,838.167754,833.826817,419.332483,672.451595,977.649596,44.243132,D,1670000414
678e02c7-37b9-408a-afc9-b8161f7a3662,206.599125,552.634944,193.124394,24.926434,130.966419,7.031912,198.661222,22.309885,D,1670000415
ef435aff-640b-411a-97af-1b28d2cdf3b4,766.906861,681.169846,594.276367,499.068104,401.130725,654.5884,598.184727,611.278116,D,1670000416
55227485-6783-46a2-8f7e-2eaf28e60bf0,886.508623,853.87966,570.718598,899.808404,42.346205,706.173066,357.211152,474.722538,D,1670000417
bd76fef4-0498-4457-8dae-38ae5e98a34a,478.110316,342.626961,474.468086,634.985157,355.819726,960.387049,971.434445,137.422595,D,1670000418
0af44780-3114-404e-8db1-cab32fead520,870.681264,408.994895,53.853776,352.627127,875.983475,595.107752,60.786846,441.664551,C,1670000419
d83ef4b0-81b7-43e7-a786-f12fe881d903,786.766408,475.234901,889.205924,841.779001,904.887964,636.874475,829.130475,917.366442,A,1670000420
58f29008-ab33-46fa-8da3-91f846cca178,778.123267,474.430865,686.829912,910.430414,186.572896,760.518628,297.3433,22.032917,A,1670000421
fdf4454f-8ce5-4564-8c81-5fce7635e03c,166.209847,409.108454,105.546504,280.193813,691.941454,686.486884,834.717525,224.851148,B,1670000422
983b276d-f52d-47f2-b7ec-079a1e89f654,957.935962,964.762312,203.134525,874.137795,804.465591,641.189016,946.859937,134.83036,A,1670000423
8365082f-dc68-41f5-beb6-41d3a8144c2d,675.520363,647.809122,58.659648,221.441024,880.797942,25.031713,635.329196,34.028504,D,1670000424
af4d3d6a-5822-4702-a91f-f3b2e2f5b2da,949.508884,919.262202,570.096144,520.237773,938.391463,559.131997,847.752201,947.648971,D,1670000425
b7c24f8a-d955-46f3-ab06-d85976527e9b,338.44485,276.255674,661.839954,742.316508,286.181054,141.39455,738.376523,76.636294,A,1670000426
ac8689a2-abd9-4e36-9b11-9bcad13a6828,664.358273,341.511026,183.757384,988.013382,424.604487,177.427595,278.515559,347.487338,C,1670000427
e4612260-7c63-4a05-9c61-cc3f6c689a0b,477.257073,106.223968,474.395708,510.66531,187.637607,87.962281,867.150562,581.364972,A,1670000428
737f4504-ef90-4c03-97ca-4038c764af0e,915.013122,67.045226,525.125387,964.892406,237.104778,172.540002,939.486364,73.151511,A,1670000429
c74c3fc3-4a2f-4a5d-a739-ec6d21947d0a,485.768069,253.654559,445.219175,51.529741,18.407711,238.081494,590.160731,678.720621,A,1670000430
68e8db7c-1d3a-4185-a034-cb00c231b2ab,585.050265,201.068775,211.821201,209.465099,196.655969,678.426692,22.371343,68.78291,B,1670000431
2ca29c10-b3b1-497e-8ca5-b1ef17a185eb,269.396977,476.871379,255.428847,600.260398,112.460441,765.851646,156.811035,560.327718,C,1670000432
a65e8ef7-0290-4629-bb4e-0cfa27ec369d,248.163735,833.907947,832.94094,93.183689,204.100412,367.183238,289.241874,740.298013,A,1670000433
15dba4e3-9a04-47cb-bd7c-e55b52199cb2,44.814017,533.250419,694.222041,446.91192,310.866228,609.726307,36.566412,61.813842,C,1670000434
35415dd1-d687-4776-be85-d9381b1dffda,48.777666,315.884835,542.983171,853.536548,792.503064,431.473637,625.558379,403.207412,C,1670000435
4d0a6bdb-ad1c-4a32-b209-cc08ff602403,917.117736,577.136377,329.790519,722.80654,437.046109,722.176026,476.101436,562.605191,C,1670000436
d16ecbf2-48db-4e5d-a706-be1fef3b9798,412.670602,839.838442,362.492248,473.188492,935.989469,646.391041,368.304546,938.106021,C,1670000437
9829489a-dc55-42f7-bd19-1409ea7b06eb,819.695873,272.37265,438.965472,198.723075,495.817214,854.01158,227.98994,605.337015,D,1670000438
26b54b12-4f3e-4c0e-9296-ad72bd4e56d5,419.410571,136.078149,878.11476,459.417406,357.529352,501.490118,192.207843,738.720836,C,1670000439
024006fd-b48e-4353-aab7-f149055aeb9c,825.6004,432.797522,451.746481,629.182863,598.59156,820.946611,669.339308,281.57812,B,1670000440
8c2dfccc-45d2-4649-a7c7-0b8acc73add4,57.525899,336.594007,206.97337,142.497174,770.409542,180.710362,777.876262,558.700985,B,1670000441
30f84638-0f15-446e-b49b-57534066e7f8,292.803041,266.370538,957.819288,347.741588,520.847189,207.170802,412.264112,91.615621,B,1670000442
e99a44b4-3c4f-4c41-873a-29665fdc1f92,52.361834,774.752483,580.637924,198.630054,433.790892,915.026703,197.319972,674.479381,D,1670000443
222828d1-5559-4e7b-b85f-0b63ad257d90,968.642885,246.831273,422.689445,20.782226,464.876608,589.063542,259.130648,91.189106,B,1670000444
87a973de-bb56-4e02-b9dd-ecf4aa2ac47c,314.568132,8.700613,218.156627,713.145061,759.280305,63.79664,167.912832,145.673608,B,1670000445
839ef28a-f718-474c-9072-57af7d495d9b,868.49775,821.92761,178.580026,397.637601,498.817347,351.385579,468.127032,901.662226,C,1670000446
fe3cc006-413c-468f-8a4f-41a07fbf5fc4,305.659427,319.165119,755.266593,263.301127,377.050213,445.608945,709.861617,634.095584,D,1670000447
e1ef9e83-7103-4578-a0c3-06fbf1e63a6f,599.623116,856.787714,408.50122,942.053748,910.215108,427.662149,31.09055,313.056695,B,1670000448
d232b4b6-ddf4-47bb-abd6-fddb88c39efc,734.77694,210.378862,131.688533,549.231303,228.48024,475.83997,705.983427,765.527991,B,1670000449
9305e9f0-0e72-4600-9547-d7a654d85b58,379.52228,437.415433,154.894654,755.907548,322.001925,857.242536,20.819537,515.534809,B,1670000450
77c1a631-4265-42d8-a603-db689765299a,550.789226,518.488092,282.79766,941.285782,174.65519,439.60037,816.601001,271.706177,A,1670000451
d695b7da-0b1e-4123-95de-0d562d6d7dda,376.059184,584.097586,650.167157,23.715276,817.756231,576.857277,434.721885,506.532434,A,1670000452
439169b6-e575-4b53-8cc3-7bdb4e9fe1aa,39.119842,456.381593,873.056428,894.85138,959.711038,679.019069,765.068609,944.764485,B,1670000453
9e067b68-9c0d-4de9-a417-f1c8e28e34bf,171.788791,4.611491,129.348622,390.374799,629.983911,74.367333,342.44124,355.70801,A,1670000454
75be5ffe-3923-47dc-a485-c68098ed913a,883.34919,59.790147,534.035602,446.171004,442.499904,421.418076,35.386858,660.307878,B,1670000455
1c652d12-3cf9-423c-a53d-62c9daced67c,157.966878,606.929731,620.989784,447.961226,853.462386,14.086572,967.841517,918.936171,A,1670000456
02dc9833-cdf8-4547-b693-4993bf1f475e,916.363426,403.870898,276.259507,360.327511,694.644371,432.321482,803.697524,362.747003,D,1670000457
3fb84789-153b-4831-8c97-348159d61ec0,980.081253,669.1039,585.745034,899.602015,463.59323,642.891153,258.235779,20.404357,B,1670000458
13612b1d-d74b-4ab6-967d-6233a638038a,471.352339,614.066157,447.66831,27.190903,782.169061,124.460984,606.16849,699.334406,B,1670000459
885de16e-8924-4c8c-8f31-ac8e4c5fbcaa,565.250352,103.916275,669.256951,194.509855,442.543979,171.611384,683.754829,261.884681,D,1670000460
a7262807-7b6e-4e4e-ba4c-1d9d2c977165,376.103791,867.873599,490.158549,405.057788,699.223416,695.977842,469.457634,563.730377,D,1670000461
3c1978d4-0412-4f89-84b3-8aed4669e27d,768.544155,604.252943,492.511889,130.340147,382.41125,939.369131,277.988433,281.647506,D,1670000462
30cb2c22-c3c8-4a63-b21c-d9927f8b7767,879.456776,301.175331,982.474151,836.244603,960.968347,53.774666,978.185647,383.781826,B,1670000463
04142597-07be-4660-8338-2a89393d85b3,889.438421,352.63604,794.460288,22.10255,831.818186,256.408817,749.557888,742.387865,A,1670000464
fe9c8c4d-dc18-43d1-93a0-a08e54b7802f,253.466698,65.817951,646.591713,199.6005,72.821993,729.673706,781.116578,534.359319,B,1670000465
a03c5e61-07fc-4832-b35e-54e2ff5c0452,510.758322,688.295311,851.627707,710.354628,344.186752,666.937885,89.557679,33.107884,D,1670000466
9b8cfb4f-d4ea-4fc8-bf30-80c29eda2afd,183.148446,218.830846,739.926645,339.189758,644.121793,394.888535,996.921696,808.891333,B,1670000467
0a18e289-24d3-459a-ba6f-5ae8f82a864b,603.516818,868.292253,55.18476,424.308091,439.85787,988.69229,8.373173,694.957284,A,1670000468
d5214eaa-efb9-49cf-a8dc-cd665cb94711,771.835307,903.39647,690.240161,776.362389,945.975469,206.668376,971.741979,941.021362,C,1670000469
048ec799-10af-4e4c-ac47-5ecc9f718536,420.374926,231.194254,744.507291,120.148317,687.15517,549.841866,811.663413,677.733813,B,1670000470
5380bfe1-371e-4e67-89bb-66b93dfeea22,95.834033,878.925836,448.077933,890.698328,665.387302,450.867017,639.788455,286.748398,D,1670000471
4860d56b-c07f-4b29-a291-cab1d37691cc,357.162664,365.289531,939.208792,975.155088,265.916829,814.734907,583.409677,12.831497,A,1670000472
e8e6aa28-d354-47fb-a492-6e66028860eb,229.427038,882.757061,593.89902,98.859532,655.155501,326.903502,447.809158,785.932414,A,1670000473
be8a48df-48f3-447a-ac6a-9ed95888bd8f,387.316802,408.794315,723.740694,748.316459,416.460583,334.66614,479.68797,793.594251,D,1670000474
8466bd72-6c29-4dcd-9be3-d90f1d640698,663.92812,977.810941,53.068091,184.140809,464.781464,188.561648,656.595344,327.186321,D,1670000475
505a1eb5-263c-4708-9d64-9c37ea908a5c,957.756477,643.792609,645.632151,570.015968,783.88294,554.170938,548.131275,932.724406,C,1670000476
5b70c3d6-bc53-4284-98fa-8208ecef3c65,301.092386,987.78845,229.263747,692.206452,349.203329,991.827118,602.757682,104.714497,A,1670000477
7ae57622-e4e1-4e03-a3e6-5edac6feb950,889.311939,384.054995,229.136893,107.324664,947.065451,514.292643,563.757463,431.778893,A,1670000478
1b361b16-44fb-4353-b723-d9d6371f0f6a,35.097985,859.57921,141.467788,259.305101,418.515799,737.464091,69.594102,558.439041,D,1670000479
f5ecd18e-039b-46a3-b29c-4096fe33ca8f,958.472536,703.652607,654.509633,395.6157,256.289608,641.613429,271.061638,817.742708,B,1670000480
05b6797f-aa1e-4ee4-829b-d324c4af0229,447.262997,850.586821,457.166239,869.591357,212.731527,230.42632,341.26779,647.953814,D,1670000481
54a447ff-f0bb-45ad-8e5a-a67050abb212,771.350614,708.253125,592.48783,755.025136,727.826458,506.208456,600.983603,896.37182,D,1670000482
eb4cdd80-cc00-44cf-af6a-6691a833c1f4,817.109711,778.115375,113.969907,103.792712,362.784394,297.57506,368.069141,148.022869,C,1670000483
0d741631-a8cc-41be-8dfb-7dac9296e836,281.837273,510.416924,931.006285,179.495925,431.259895,658.775559,800.607246,915.991207,B,1670000484
e26f21b2-686c-4ac3-9533-e1de3773a643,480.822245,668.056045,32.924734,171.505577,455.85246,209.10984,944.756441,132.052371,A,1670000485
1647bce2-ff34-4cb9-bbce-cc81523bfe90,693.520252,799.009812,126.125888,542.60473,565.960887,117.789664,58.562443,696.727381,A,1670000486
17bab2c7-ac07-459d-809c-c3fa49010777,266.642368,272.298915,364.835409,639.190825,753.022098,419.037856,711.00297,522.418511,B,1670000487
7ab72c8b-ae92-41cf-a3c8-cf58a826a953,600.518139,326.02206,905.728408,348.875224,852.847475,330.948274,773.159922,255.14544,D,1670000488
18824773-039b-4d78-95f2-517f6037152c,828.369594,551.745342,453.388647,913.073675,298.583995,570.232991,834.423322,51.456075,A,1670000489
86bb38b5-363b-4b73-b095-45125d5a9c86,325.750239,379.179048,524.022605,898.128527,890.321595,419.287568,502.227599,315.390459,A,1670000490
a50b2bfb-71ea-4743-b9c3-080a4ccf8cc9,827.407449,343.864728,415.777055,407.057944,240.01224,4.090085,29.163718,946.313349,B,1670000491
0a9fb7ed-98cf-45d8-a6b4-45bb2dffdb0a,919.271437,57.365753,448.785525,602.685307,766.122383,910.312318,542.619486,129.906873,D,1670000492
5ffe3dab-1a64-4063-b699-0de37ef1e9d9,461.723537,370.694102,729.305746,628.31242,613.324227,407.67048,793.90123,510.942996,A,1670000493
1df0cd13-5c2f-4e5f-a627-e34781b3f615,200.078171,850.50552,325.76263,578.610589,518.489327,805.641438,618.523135,904.635191,D,1670000494
f489557d-29f8-4797-a5be-6bda8187d4a7,375.70866,459.929467,121.911691,378.688925,86.936587,69.44412,575.248838,668.031712,D,1670000495
8d12d9d2-ae2e-4b88-a2ca-a3728f8d7da9,61.387558,773.489837,995.288281,14.540676,545.840989,404.448711,173.845271,302.810163,C,1670000496
6bba0710-b05c-4596-a86b-2082ed38d9ab,524.293826,566.085334,293.379597,373.321207,891.443024,576.786603,966.829639,653.674377,B,1670000497
102cc2df-30e3-4927-be52-fa0cd914a6f1,997.903291,981.586265,975.423557,539.994368,599.492138,606.94371,98.335462,215.148791,C,1670000498
8168c4c1-e608-41e1-aff9-4fe29ec1a15e,525.101969,104.525617,223.293544,684.127172,544.614853,897.092718,555.729126,649.518244,C,1670000499
3689f2ac-afbb-478f-a3e2-0721148d9029,214.316448,489.602351,717.037463,43.200061,546.081171,408.452462,36.853244,89.78151,A,1670000500
c7d2ccf9-383a-45f1-ac50-b361be1077eb,943.939529,974.07167,668.401819,198.231883,183.414232,386.58998,754.222796,606.720983,C,1670000501
480da609-f794-46ea-b5f4-35ce20b82ad2,275.153201,231.013628,936.510453,318.485504,772.720086,779.024441,905.167204,415.093019,A,1670000502
0f393d7c-e813-4164-9120-924f864535d2,380.595205,393.95608,174.559756,87.184072,339.689041,115.482288,721.967395,738.679317,B,1670000503
ba065ff4-bedd-4b85-b61c-dfbe32ed7929,838.546572,585.456045,33.436725,372.158491,89.39669,426.407776,55.609844,784.679144,A,1670000504
87f21aab-f423-4216-9e05-5455a7738fcc,945.090119,856.422035,122.918449,987.614444,43.568781,405.753642,606.395315,903.542745,C,1670000505
ca604045-1030-4497-a41a-b853128d4dac,388.04506,192.051033,706.03672,194.618403,961.816347,10.019524,701.947547,218.81595,A,1670000506
39e47790-a1de-4fbc-821e-2d47a7207066,964.300379,263.480776,392.642585,565.692295,121.567919,900.276257,129.88401,257.785131,B,1670000507
4608179a-fadf-46d9-b844-773bdb89d712,578.940584,122.113268,55.590852,490.657235,980.287061,44.716752,142.275948,938.467169,B,1670000508
6a626680-5d72-4c2f-97ac-53c2261474c8,469.492752,418.719214,849.91021,224.124996,268.834196,212.873319,86.91644,582.080988,A,1670000509
f584f9ee-952a-4983-bf96-afdd167a3463,602.915281,16.16937,708.965649,950.259431,107.506167,260.647347,75.349286,506.762571,B,1670000510
af28ed72-9ec3-4b54-8b4f-10fd38ec0833,566.830302,917.493944,0.675828,764.856752,167.221296,41.02217,925.494494,836.858627,C,1670000511
6381defe-ee95-4bcf-8721-cce357c76711,741.639103,833.330972,982.805406,265.36337,317.617064,72.085716,937.510571,246.805844,B,1670000512
df6a5ba9-1274-4e40-b15c-94c466496359,722.06704,846.434417,893.229253,201.579869,404.965036,881.447275,378.907495,607.956646,C,1670000513
c7d63c55-92f6-43ad-a3fc-663226e1720d,194.897467,488.133039,278.861889,552.225082,280.991453,35.053488,428.527509,240.53382,D,1670000514
08a907da-4575-4b6d-8ced-7726f3416f4d,902.787625,998.397587,546.331296,28.409352,706.155198,94.94791,246.675798,711.071767,A,1670000515
e15e2b34-fd63-4a7b-81c4-297e32b53ce3,224.918305,488.588187,16.829687,742.755124,723.133146,720.322645,850.306424,448.559373,D,1670000516
7e19ab8c-185f-41cb-9e56-107c2900e3e5,629.767214,735.279862,427.248228,591.307688,958.508064,913.621098,192.135779,490.026348,B,1670000517
bd1faae5-c15c-462f-8ba3-6de4f509d86d,246.289792,774.412465,893.501004,949.676056,249.306075,845.266627,415.773916,180.646391,A,1670000518
78e93ae6-a7b1-46bc-8f63-95c9bffd5520,517.825641,553.865459,252.726461,108.456264,145.144744,946.709998,598.87466,919.406556,A,1670000519
5a408abe-a548-4f70-a9d1-4d43ec812b17,479.38694,95.722882,714.558137,958.222186,925.574107,316.402399,856.751875,503.231134,A,1670000520
5fb5e5b0-fc96-41d9-bf8f-097737ae259a,848.332731,480.828649,566.346446,539.907053,284.28135,583.536373,336.421763,758.519783,B,1670000521
ce440820-1198-42c7-99ce-304e8c3ac5c0,767.882612,938.990065,294.425658,480.629934,114.82657,939.593142,918.870959,86.618608,B,1670000522
19cb3af4-f3b5-4075-b188-daea2e877bea,203.004957,354.264524,20.692685,739.959545,463.583165,708.009409,370.95977,97.662328,C,1670000523
4b20c049-2271-4944-98fd-81ce2cc59869,953.305153,581.89925,905.862103,90.304555,839.519324,321.650685,233.323419,332.423271,D,1670000524
abb74e82-fa40-477c-a7e1-e381e4d45ae8,950.119198,29.428619,296.211671,415.137318,935.368459,377.918913,574.508293,690.466105,A,1670000525
a5cea9fc-938d-4a70-813a-bc8e4c57fb97,499.050394,555.643222,220.600955,197.451634,987.819469,575.313011,524.776031,48.275943,A,1670000526
71911592-f478-44eb-9254-0ca808c6ef1d,421.155426,797.482589,715.608301,549.116208,494.940134,805.944255,683.065748,87.956533,D,1670000527
3f71257f-d2d7-4269-929a-04eb2c8c9081,122.497016,857.509275,279.109812,365.755929,393.66433,575.450897,222.925192,919.163093,D,1670000528
2b309e59-e03e-481d-9b59-a8a16d0f7f50,209.377971,813.532389,357.463089,679.423964,255.044695,60.935448,28.322493,663.976845,C,1670000529
a2f39923-2f25-4a36-97bc-f8296aaa1eb3,643.183386,235.219469,844.010122,448.532062,676.129467,947.24083,163.267183,564.278549,A,1670000530
62f7e5f3-fff4-475f-a0ba-ddd159acd97e,364.243776,530.037025,305.123598,69.568363,725.028128,627.299793,719.533186,921.159526,B,1670000531
cc846eea-ba48-42a5-80b8-8f954f56acff,230.316335,876.756303,515.865188,214.327636,604.743008,188.292096,755.805604,872.540506,B,1670000532
086f4008-96c8-4d4d-a6d9-3e5a1ba5a163,203.242861,39.910817,311.231476,932.360908,71.469081,757.758909,676.796799,912.328593,C,1670000533
5d3f0d8a-4e45-46e0-844e-00669a8cb817,82.236417,161.58524,513.889729,927.810986,822.032737,185.707321,368.377695,559.983745,A,1670000534
efb90cfe-70f6-426c-8b34-602b68e99274,660.689674,537.729238,427.553377,479.49001,952.089213,962.160196,830.384392,586.232675,D,1670000535
8bee45ae-a5ec-44c5-a403-00fadd52b765,690.869365,318.818513,736.225205,110.816329,567.897624,691.292674,309.51589,325.579643,A,1670000536
4d67f936-1ee5-4ff1-bb21-a38a4f7cbc63,583.93678,687.849686,800.470494,548.160465,926.49345,547.388927,573.716265,678.923844,B,1670000537
505ed338-e741-46e5-a273-df9695dca1c6,606.948127,867.709614,7.934338,484.895891,274.68945,610.443441,318.89064,119.082965,D,1670000538
1d3f70d8-e5ca-49d0-9b99-2ce50cf9fbab,243.877516,319.040625,651.169142,684.289124,476.156971,484.88627,912.577555,423.328959,C,1670000539
db17f0c6-607c-4334-879a-aacf1748c0cb,668.16712,793.209237,678.455113,697.680745,588.487316,281.771836,832.722611,98.113722,B,1670000540
7eeb9a00-fe23-49a4-9bba-bd6140afcc6a,845.569336,584.369707,249.404001,203.022354,985.037149,349.410247,64.041608,574.163869,B,1670000541
40c4989a-7c0a-4ce0-b8a0-50c23582d059,136.813209,312.63471,518.701474,862.674756,338.169586,886.956011,142.348724,227.785585,B,1670000542
cf053691-94af-43b6-9af4-ae2c66161281,19.402305,978.92306,559.54099,448.607981,989.359746,496.472099,638.449537,564.964087,A,1670000543
7f540738-9544-40e6-8e7d-61aaafb03ff0,699.101557,389.177324,794.598345,823.51791,407.550519,378.085967,461.682027,370.661224,A,1670000544
67b31f98-1d83-4d67-8bb8-982ab956d105,321.572471,920.325849,30.394316,121.873415,654.643139,715.376934,698.495809,755.92891,A,1670000545
3dade206-1d4b-4a3f-b93b-753f7ac9d443,163.457354,76.655235,452.996089,816.349191,353.662925,832.346229,761.199805,170.833019,B,1670000546
63491ce1-caf5-4d97-bca7-e6246f88d02e,803.577488,356.034559,530.86471,421.206248,683.420177,530.705967,660.476217,148.877086,B,1670000547
ee70de54-4960-4bb8-8c50-9b73c030820d,368.193433,351.2601,666.558824,182.974472,655.53749,775.592993,544.906729,963.589879,B,1670000548
4743d843-b02b-4ed3-ad72-aa7a7b0f122f,323.62739,461.468891,191.969303,776.951432,60.680363,882.730813,761.042625,721.380161,B,1670000549
f97afa06-94b4-4f8c-be3c-4a03bcb2d8e6,335.737002,796.813467,717.412685,555.034268,949.981585,313.675109,654.713521,435.578731,B,1670000550
a3fed201-08bc-4f32-b75c-73542e397048,853.655163,323.708765,90.359119,432.587773,736.601373,939.530835,762.038146,272.477821,C,1670000551
2f3252ef-00dc-4319-bf82-980b76f4cbae,857.267205,64.607259,760.842744,806.754757,404.11477,815.153566,781.419071,78.244137,A,1670000552
1e6302d9-1ff4-4a81-af1b-ecbf6b5f4666,784.207507,217.149402,139.523204,460.992589,282.233963,233.750691,499.077301,456.352316,B,1670000553
9a831e00-16b5-435b-a702-ae22734807b3,643.991846,17.034681,473.183476,508.952363,631.147279,766.509818,866.327743,849.269305,D,1670000554
dd436717-ec5b-4c50-8197-bd8397a93016,657.376216,977.730938,907.940756,674.156113,607.423604,731.771416,756.001381,482.724979,C,1670000555
2815c166-94e3-446d-8f07-f9f90eb5bdef,262.691109,695.881543,30.945197,896.634252,660.211426,662.438131,174.649047,517.731279,D,1670000556
6eae9a10-8b7f-4661-abb2-03f25f0366a7,553.402762,467.847543,759.32084,489.527427,857.195482,523.882982,759.356888,122.029812,B,1670000557
c8713e13-b00e-4aec-a39c-e8e868cd4f4a,438.99411,58.938415,748.81192,530.085201,165.952302,216.234787,757.969682,169.263236,B,1670000558
617696a4-8b96-4e2f-8405-7f3837bb09e8,101.774623,127.939489,884.179995,11.004451,18.182584,759.273059,441.934644,216.884243,C,1670000559
3615a9bc-a37f-46b0-8ed4-22356096baac,323.146321,75.291088,336.507666,349.945152,288.769543,959.865915,767.493056,338.313177,B,1670000560
0d30c9d3-11f5-4729-9618-84a57c0b9bf9,519.918291,159.021193,583.074077,799.826942,734.139694,763.480168,477.247535,636.702236,C,1670000561
77d2a212-e728-42a5-b51c-906b3137f498,814.929971,646.873402,841.458461,792.787863,411.081413,976.549853,988.381873,697.608561,B,1670000562
32b71563-81db-4409-b0eb-ae8cf1e29b31,401.394273,603.864275,651.982085,287.953158,37.356938,839.729853,836.535731,421.023753,D,1670000563
04cca022-21fd-4657-910f-00bc4f217011,11.114751,755.54177,61.36376,611.768151,138.64468,405.500921,305.224441,535.443093,B,1670000564
9db27795-3a7f-48ad-9001-f07f29b2aa6e,95.250855,71.458835,4.930854,153.594751,96.937417,632.630877,505.632704,416.416301,A,1670000565
89e7f7f8-f7be-4324-a339-3c74efd3958c,392.94087,819.460409,734.394177,763.479548,385.049258,385.835875,563.479817,152.708703,A,1670000566
2c45740f-555a-454c-983b-c1984ea35362,611.090258,982.437428,676.759331,377.596029,863.004125,505.104565,296.083686,237.144787,D,1670000567
2ac63a3d-230f-4c78-8a10-ce38381d4162,504.648862,712.122554,64.28579,392.391247,712.238346,247.334186,625.416038,795.160367,C,1670000568
a48b8408-e1e4-4641-9067-0b19c28c480d,282.296061,333.872008,866.117114,31.284845,759.791021,468.045261,552.445389,121.119588,B,1670000569
534313cc-0e7c-444b-b667-30d441e04011,603.876494,887.116162,404.843328,501.288381,227.701173,691.680661,246.606142,576.402017,B,1670000570
8668002d-00b2-4ea9-84af-01d2f87cc9a0,788.662877,359.79442,563.123147,840.186428,684.899278,908.596464,983.333434,625.674013,C,1670000571
fbc1a8a2-8fd6-49d4-9174-803c3c916ee2,952.647853,898.353097,16.056825,59.060786,690.796863,329.759642,778.435134,328.241555,C,1670000572
6178afc2-68c1-45f5-a33a-f91857d0de09,377.228692,368.242714,577.819489,60.634476,974.006721,308.859892,259.467812,719.02191,A,1670000573
d6ac355c-9a45-4ea5-a42d-f46373891528,970.581877,677.130773,514.2384,403.261707,297.231262,730.51791,106.234015,216.597039,D,1670000574
c08f74a7-a46d-4c53-a015-2b09272085b8,533.303792,730.089188,742.489751,141.166928,217.136562,13.632519,614.46349,741.701269,A,1670000575
b504d075-46b1-419f-b56a-19a206f235bf,768.435547,792.814026,41.763905,697.589828,564.349217,640.880348,734.719723,883.842672,A,1670000576
fcef4c71-9236-4bcf-99e9-c79f005cfb25,933.741787,840.947012,439.627775,362.730838,624.772858,612.179184,42.196757,695.891597,D,1670000577
065016c0-8997-4345-9c93-4cfbd28312d4,193.728531,451.133407,601.662992,313.918218,693.114239,518.236985,867.544545,101.518438,C,1670000578
60b6fe78-5818-4df1-9c66-dd458674a91a,670.749049,125.44496,509.662414,87.016902,263.393925,847.451107,376.294449,194.37213,D,1670000579
d53858e1-4873-4b47-873d-cd6be9f04192,113.363371,806.421995,56.808978,139.643097,273.943623,74.002753,185.857702,511.087607,A,1670000580
297a1c45-78d8-41c8-83b7-d5777326df79,80.422376,797.656455,881.851904,774.138174,871.17909,922.894157,165.734125,39.471687,C,1670000581
f1629056-198f-4055-bc57-e6171bf11643,72.327697,525.912284,687.432606,350.567567,582.937756,398.534788,398.505388,275.391464,C,1670000582
9d2b2522-3593-416c-aae9-eaee7c73a177,159.440124,549.166587,82.173088,241.855456,83.493279,371.6469,706.975596,363.92478,D,1670000583
5e8ffce0-9128-4430-b328-1cf079b22b15,11.170441,703.167194,312.698062,163.074896,20.900957,39.919416,38.305461,676.558367,D,1670000584
c372d99e-36a1-46f9-a1a2-29699058ff09,173.60593,229.470601,254.204505,680.410083,68.224615,74.403879,639.043103,403.225314,D,1670000585
e3e0fbbc-98b6-4b4d-acc2-d9080a132335,954.367037,876.195178,78.477228,704.097051,444.249271,201.810808,856.668517,719.151299,A,1670000586
5a1f423c-1510-4e93-9594-cee82ba52f45,970.189301,875.605176,253.818102,997.634471,516.183702,442.032354,797.708818,15.365841,D,1670000587
4822a334-1181-4d9b-a5c9-52e9455800d5,692.423377,32.43748,130.041124,655.59801,394.12344,91.905947,472.299314,699.85517,A,1670000588
6fba853a-14fc-494d-b6db-f8b62af254b4,675.133229,537.810626,849.224658,652.714483,483.36391,112.479485,573.22404,444.538634,C,1670000589
660aa584-b1a2-4e98-8704-e48052817227,959.790881,38.216095,94.504415,553.838827,300.629024,431.484278,845.097083,52.794347,D,1670000590
babca8cc-6ac2-47f0-aff1-996041893bfd,629.344828,611.494655,117.293202,506.626795,657.863111,419.505972,743.306647,30.222121,D,1670000591
c30838c3-f0bc-45c3-83a5-6e9ce7b8d7a0,978.60469,683.292687,693.523625,803.076117,344.59817,552.097733,191.817928,113.55733,B,1670000592
f1ca1b13-5ac9-4600-b3b0-9d7b001db17d,212.947224,572.02589,627.038034,881.822477,790.445738,993.875961,662.927385,762.171201,A,1670000593
6b78eec3-c2c8-45ae-929e-05ac14455474,873.756755,765.558605,661.078393,402.338917,575.270676,291.748017,83.349272,83.334804,B,1670000594
9f989c37-7009-4ea9-92c1-2635b047b816,451.054742,823.617271,517.895551,693.116631,281.834195,302.892588,303.274852,235.805093,C,1670000595
38a4214c-8a40-45d4-88b8-37ba9920d3f9,985.772002,623.250855,305.434324,199.498619,91.467936,253.772822,846.878219,41.25546,B,1670000596
b93b5eb9-ea3f-43a4-ae85-d7b745b82c42,871.497676,335.607987,577.672645,645.628462,621.391948,440.519655,862.332737,594.416138,A,1670000597
1684718d-2d95-444a-b0c7-bcc0b4794cee,729.874734,858.148911,85.361748,778.792034,630.263642,368.026629,944.662108,329.673944,A,1670000598
26d08a79-ae42-4c4c-85e8-1ea404b85b99,643.04414,974.125381,841.69956,839.468006,642.14709,907.253124,380.320044,399.734574,D,1670000599
14002f9d-7863-4055-8a06-97636a0a76b0,845.113475,508.375794,961.57244,294.549874,801.461343,369.261421,362.941938,125.298067,C,1670000600
243f7943-a7e7-416b-af54-0c9b283c3046,921.957993,191.113166,667.925319,750.998106,409.910152,211.815026,51.645443,103.208658,D,1670000601
432239d6-3c64-4fb8-bc6b-f874dc8f5b67,918.036792,907.376543,121.624374,875.493381,754.793586,469.679931,834.079171,177.69965,B,1670000602
a8840018-0e5f-4140-b847-32d0dfd38e6c,679.53305,866.697233,3.408332,971.49781,242.143494,875.17267,433.706618,772.423032,D,1670000603
f0cef6ec-5961-4e98-974f-4880cbc105cc,370.27382,708.588957,42.034071,2.644773,58.480423,733.083638,674.677078,998.743993,B,1670000604
08dcdc26-6a05-445d-b8bb-cbe79b037067,605.814209,7.187783,28.611856,736.188562,202.565714,630.215223,109.090562,815.001174,A,1670000605
afe8d260-2072-4b8a-ad19-1f015712f986,116.606266,801.86809,551.360421,322.639999,491.60825,656.590527,74.132767,76.174683,C,1670000606
c4ad8b00-ee25-4659-8472-0765e570377a,675.908468,768.126474,716.14098,741.428671,859.674014,960.518551,316.079324,154.743608,C,1670000607
89e14447-2d80-455b-833c-ea6ebc909651,711.245509,40.923226,822.711358,325.760752,600.673453,83.45761,793.679673,16.436524,C,1670000608
fdb8ba12-276d-45a1-a6c7-ff747104eb80,779.284717,769.791633,363.047644,587.446491,330.096372,839.034952,745.641308,313.253631,C,1670000609
15a6ecbe-7975-4a3b-99c4-e1bd6a84471c,927.12841,438.374794,920.045722,402.179185,383.001325,206.225587,937.819025,540.845742,D,1670000610
21e0459c-0028-4c92-880b-ce783510cd70,534.767047,23.746972,163.320684,382.218223,473.871062,374.130788,887.795241,379.826826,D,1670000611
1fd7da40-fd7a-4590-b90f-dc71f84ffdb5,365.427685,810.154025,288.705212,162.990302,884.851417,892.01374,120.799016,557.252126,C,1670000612
d7357f53-0ad5-4b01-b106-baf2047114b3,643.669683,689.197506,906.225941,733.353713,372.742687,418.705514,902.655528,285.859579,C,1670000613
adc44849-fe60-473b-8461-a32a5073dff2,554.059183,268.10936,372.561797,796.633466,115.317302,180.996416,870.426272,905.173379,A,1670000614
eb0825bf-581e-45c0-a4a7-4054af7125a8,964.623224,752.125516,302.135846,604.116016,681.857059,673.740342,190.202074,760.412489,A,1670000615
19b05bfe-a6e1-4b21-9751-59d8c0e4597d,229.907161,241.374293,128.388233,50.104397,720.006406,554.178296,232.985278,452.721195,B,1670000616
01f626d3-f115-4b8f-815f-5bf09394a616,846.829955,372.629199,408.960947,814.67253,727.329662,813.423891,82.811499,167.211672,B,1670000617
85b242d0-6003-42e3-9dd5-49eef699f421,871.857047,300.568921,979.568732,469.137763,837.537659,489.844439,71.124172,584.575513,B,1670000618
782f974a-16f4-4f24-b37b-756e3a9c3396,571.781748,767.402157,630.656771,446.42366,771.877121,594.031356,51.527729,562.970513,B,1670000619
a891414e-41d3-46e7-be05-3b6ebb1ac432,362.179498,141.908043,430.764775,37.898189,346.117862,299.565375,353.533661,459.129028,C,1670000620
f05a52d3-60c7-4e0d-a85e-0589ac1ec0d2,892.479357,285.557641,993.653626,818.371813,634.037346,124.433068,991.072495,497.876146,A,1670000621
d0442886-ed2d-40f0-a558-c2fbcc90a267,221.728252,565.447346,619.227358,219.802908,182.944818,0.976873,241.26227,567.756471,C,1670000622
8cb354d2-1b4c-4247-9f5b-26b19752b128,727.491267,909.800104,280.469286,628.079229,786.381966,696.706426,133.972468,899.958957,C,1670000623
a83ea6e2-e38b-4af6-af99-ca5931420dd9,914.005098,46.784161,708.450478,440.666844,478.09419,822.533701,467.007051,277.373323,B,1670000624
c8e922a1-a52b-4067-86c6-31a73336a98f,106.504635,944.171675,45.830382,936.316917,104.379644,33.518172,185.510804,621.504838,A,1670000625
bc60ad3a-ab92-4c16-82a5-b9c45c154ead,581.145947,499.460422,18.282006,758.314085,678.97548,906.859787,431.005158,19.668469,B,1670000626
d9a95d9e-af5b-485f-8485-821c2a36e5a4,919.700669,418.462933,196.681061,760.904823,22.48602,24.644282,339.862796,968.14845,C,1670000627
8d4e517d-268c-43c8-9b1d-b3f33613ce1e,95.978577,202.475383,440.824165,946.115861,494.8418,408.213653,980.931634,756.675225,C,1670000628
4a2ed354-8236-4312-87a9-ba10ac870816,238.124581,2.92259,527.663488,157.249434,579.066125,591.007227,713.080081,670.318902,C,1670000629
e69f48ab-97e5-4a43-9cd3-1c6407668476,416.329218,80.196457,474.389432,209.482769,12.454677,841.731869,392.576019,276.180543,C,1670000630
49c90eab-d6c2-4fdb-a46d-ee4bf72f873c,346.338673,859.993657,908.476428,479.726781,406.72825,284.361763,770.526038,307.999629,B,1670000631
92a8ae61-aa92-4fd2-b033-a28ce6fa6bf9,448.375459,893.234891,27.404472,146.767237,863.413757,132.726453,854.744316,810.310658,A,1670000632
ca08cdcd-0437-4dbc-b944-ae8f8a9da9e9,300.036712,904.022244,386.550871,79.661448,456.227659,769.914409,596.509665,1.81084,D,1670000633
9184b892-2c38-485f-af3e-8473ff7fc45a,707.994312,990.273578,823.665118,431.73804,420.315065,397.169057,288.866543,847.577689,D,1670000634
ebedc22b-c85d-4c24-b4a5-7232c75a9795,792.282265,765.656498,518.517528,906.429969,314.38885,308.4508,669.222957,718.315885,C,1670000635
6f69afff-d60b-4356-85b4-61a4d9d672b7,254.160337,240.658964,569.21661,869.825124,367.346452,575.490164,895.220601,877.900852,C,1670000636
ee3e09db-ae19-49bc-8105-47b0d6368577,767.653385,497.223432,674.770318,666.843651,634.495324,499.377794,985.031989,381.203005,C,1670000637
1240fbcb-1e30-482b-a55d-72e56a11486f,178.804716,542.791743,291.855085,248.678366,661.418163,755.873074,257.450565,943.338792,A,1670000638
e8b90e89-bfe2-4f78-aa9d-ccdf55200d65,484.233026,964.692768,552.544513,190.7057,739.482416,687.841786,48.492591,361.932397,B,1670000639
087e9b4e-a8ff-4d17-a7b0-8719c736bcb9,391.13015,132.625409,896.208943,601.447895,510.193578,810.831474,68.047652,343.587103,C,1670000640
daed1e5d-acee-4f81-a6b0-e080bff509f8,399.119927,470.166857,205.079966,403.006212,395.615933,314.591798,97.758436,739.122051,C,1670000641
5058f687-8d8b-4899-82eb-d3a44df2f374,741.571363,629.671746,42.965366,956.366283,20.951946,540.017973,384.86108,395.987822,D,1670000642
bc11fe95-2b10-4962-afd5-16fd6a53c6e5,474.57471,603.873231,728.83486,609.368933,671.426345,99.469487,10.855535,909.969548,D,1670000643
f53b3e5a-b8ca-4c8b-bc44-e8bbee11f142,538.193339,950.635991,994.366356,913.507418,691.29587,918.010744,383.063736,667.396313,A,1670000644
a7002ee7-bf69-45b5-8fd4-773ac41e0ea0,623.777971,588.972967,54.17125,456.989435,483.91488,100.54665,659.449575,430.990213,B,1670000645
6fb2f8b0-6611-403b-a06f-99b431fee306,933.126773,707.056264,831.417471,349.073179,589.477554,602.825036,121.026515,494.264187,D,1670000646
6bf79ca6-1b46-4a2a-abb9-d540044a1ec4,848.838835,133.281828,509.794407,37.763323,381.815626,434.087636,955.869582,446.155116,C,1670000647
c9ebfd31-ec1b-4793-9508-e636b0ce6bf7,698.837892,990.793767,343.014217,687.040315,510.925445,546.646003,163.937843,596.726811,D,1670000648
ec020d33-c8a0-449f-b7cf-89bf296c6c99,298.398946,543.111868,799.610643,182.057989,636.196176,589.906389,326.728309,44.125049,D,1670000649
6ea40fc6-6bc8-4417-bc68-563a4ec04943,805.752168,212.668262,375.409808,744.918105,672.497142,664.808886,962.2988,76.129363,B,1670000650
cf569d0e-426d-46e3-a959-5eea4bb827ef,150.343829,566.801552,406.377988,594.424219,634.952927,312.448735,311.138303,40.273307,C,1670000651
3d25719a-6763-4a6e-b968-7a8bdd4af0da,228.548182,222.579547,534.383933,426.346457,863.880714,271.078686,494.972438,903.384291,B,1670000652
dda113d2-99bd-4279-bd05-f142174c28c9,595.023262,117.100554,556.478647,573.989454,771.102454,798.775454,658.410241,357.621388,C,1670000653
3ff9e57b-1a3e-40fa-9e19-d3320e53d63c,892.873269,285.99372,190.056761,166.423718,848.629529,281.701621,649.262174,757.388349,D,1670000654
e8d024c4-03e9-44f5-a09d-df493678c335,166.226792,772.394965,276.802593,523.206459,692.472883,395.598298,253.418372,181.861712,C,1670000655
8fbb6cdd-49df-4213-834e-2a1fbe7b651d,739.955841,161.419891,674.578485,573.990916,258.69813,737.729852,89.602441,261.083986,B,1670000656
dd04e9b6-5c8a-4524-9e2d-2fbbc2a267ef,553.289978,988.436421,340.03601,803.810281,54.242124,13.983309,448.602081,175.251529,B,1670000657
d5fc972d-d7c6-4218-8915-eeaa21a64d09,268.359915,202.074863,533.729548,914.556744,884.82202,897.861268,640.146311,980.285931,A,1670000658
75b439c4-814e-4979-8575-267a5e0cee53,355.122923,111.130197,794.727082,761.145482,986.496911,110.358528,10.582685,498.16411,B,1670000659
067e2ef7-05af-40ae-9684-35295e337fb3,120.936301,223.559025,692.582909,877.00763,280.895794,651.01512,966.45276,174.834674,C,1670000660
c61d229b-e4b7-4342-8cc5-1bd0a0c2d002,140.560838,329.74976,477.886534,864.012294,686.531848,404.047784,606.762383,169.686654,A,1670000661
30d4e4c8-b812-449f-9e33-c5a4c0ddcde5,221.73082,793.006551,475.820748,86.126242,812.904141,39.341483,807.269353,936.923764,D,1670000662
b5f04b5b-b2ae-4732-9f9e-1557c4f91e70,533.358836,303.639832,748.73184,677.842213,811.831169,772.583854,631.383462,70.696229,A,1670000663
a427ffaa-90b2-4e6b-a5cb-e474d650d429,981.62324,833.516512,931.803627,884.589901,869.560858,112.491556,456.551768,824.125974,B,1670000664
af150dc6-5073-46b6-94d1-22bb8f8cbe8e,936.912917,327.977885,645.833668,147.180308,121.930163,185.646251,902.277229,854.231296,D,1670000665
37685fce-4f3f-4a37-a118-8723e6da114e,846.974934,324.832954,162.191883,822.31312,888.847772,676.461353,68.397215,188.29388,C,1670000666
9f3f545c-9736-4fc4-9599-f674e3551b89,16.79496,756.922343,210.415911,863.552332,461.433253,597.822006,428.454626,197.771749,B,1670000667
2309f05c-e68d-4fe2-9df4-52b28fbb904c,578.174973,377.815925,147.800867,433.463385,212.438359,78.47137,927.726547,471.133104,C,1670000668
41fed24a-22d3-4165-81b9-4773796b4382,939.593362,344.3883,438.68235,40.044341,103.894356,781.748468,685.133647,563.521522,A,1670000669
5e8ea942-d18a-4b8a-8822-e6a870800231,452.486012,552.025411,627.894709,622.876445,217.299942,847.996292,558.592603,724.447127,B,1670000670
2e2fb694-b9eb-4041-991a-eecc936e9545,345.664758,162.856395,271.152061,164.824961,642.599597,969.783145,295.387771,941.357573,D,1670000671
86ea19d3-9bb7-4e92-a0e9-7bbef4c0b994,109.545947,588.352091,512.130822,741.54483,16.861955,865.1493,229.765139,699.570778,D,1670000672
cf79948a-1d82-482b-b9d5-ffe2e10951b7,657.597597,422.760093,280.819957,698.123951,295.200362,266.313668,832.69948,251.246685,A,1670000673
7f99076d-54e5-481c-9975-f3429d8032c1,779.388856,321.909614,6.195181,445.576992,358.551294,600.713835,469.052727,882.890607,A,1670000674
e652558f-2fc4-4a9e-9cae-b0ce4688c57a,18.375329,506.415632,893.319372,845.752353,298.850709,553.325119,684.979304,298.771178,D,1670000675
4c91e2cc-41c6-46ee-96d0-2e332720d25e,292.5638,90.815809,854.216633,592.405273,684.51704,335.767827,158.790241,475.23042,C,1670000676
44d977aa-1002-40e7-83b0-14983037027c,360.567938,840.128005,404.004173,779.323823,173.748047,261.421218,166.177209,790.87102,D,1670000677
85e1b8f5-10b5-4acd-adc3-bc59c2b2d0dd,697.055673,794.349297,217.038302,196.239383,514.277265,872.610158,244.332412,328.108537,C,1670000678
c5f4e758-b5c0-4cf8-adf3-c4bd3c228864,731.076755,88.282761,776.217077,64.247646,71.699881,73.558726,711.641926,160.232448,C,1670000679
0d888706-2ee8-4444-9379-7c01854b45ac,651.126315,147.209614,164.980914,824.63994,357.762274,322.716844,895.153678,204.363212,B,1670000680
793483b6-ba45-4b61-a988-a29d6aa2fb5c,916.218635,899.108767,477.492943,811.365471,213.62731,943.71168,570.372173,720.004621,A,1670000681
4ea2ccf8-b4f2-43c0-aed0-cee658a7e7ed,328.725396,299.46671,142.824553,372.687729,535.194411,753.679022,210.117515,663.768593,B,1670000682
2a90c108-74d0-417f-8dfe-b5e215d82856,672.788614,140.644231,899.347639,479.53014,429.920389,102.418156,695.639768,787.83464,C,1670000683
01e158c8-b572-4b7b-9b30-cf01010076ce,74.715333,366.07453,956.908458,838.460475,789.936723,62.2316,311.893727,261.697663,D,1670000684
67443edc-165b-4f54-83c3-44783860807c,833.423657,826.345949,524.09988,814.503635,174.324334,855.96739,581.111008,86.339283,B,1670000685
457020ed-29e7-4661-886c-fb2a44550d7a,151.754807,546.188145,388.868819,732.75978,955.862132,362.54977,127.974358,623.215705,B,1670000686
8a552693-bb55-4e1b-94c3-dd1e7ebef066,362.279683,501.019643,875.197621,572.31566,94.057003,948.108887,240.193277,372.236411,D,1670000687
0726f98d-4fcb-4d2c-86cc-c9744e437153,613.277043,335.173068,161.50521,197.797107,203.64108,77.45701,320.465701,95.228025,C,1670000688
7cd8300b-0f12-4fc7-8e79-da4047f379ff,299.442597,643.752046,637.006374,136.29218,924.939312,769.953046,53.952758,66.455566,A,1670000689
fd076de0-f0b5-4fa0-88cf-30864381cbf4,907.346915,874.519638,984.324267,113.75524,286.151955,366.373051,554.282734,427.262018,B,1670000690
0a43b188-3cb9-4b37-af3a-2487f6a285d3,610.236429,529.273128,370.585178,250.416882,131.842849,63.872141,921.562837,904.756715,A,1670000691
481f69f9-5cf4-4423-a6ba-65de1fe7e265,781.629801,969.939118,904.32431,66.39875,567.686401,888.414329,39.502315,601.609599,C,1670000692
c9e66134-a935-4249-9bd0-9874c20b4e21,97.400247,824.462343,963.245321,731.945829,651.193178,590.67481,710.134089,918.97723,C,1670000693
4e9854a3-e1ff-43a4-a569-aa463b3dc9d2,917.264938,466.101479,674.487365,791.367912,585.422705,863.762732,744.331592,189.857543,B,1670000694
a349173f-45b2-4266-b1a2-70fa701409e6,720.429255,718.517362,779.008399,895.283061,142.216748,813.085174,974.779094,229.121814,B,1670000695
a539422c-a258-408c-af5b-80f228c293d0,998.871663,818.292083,125.269102,873.830906,635.803412,490.261048,189.184348,179.734272,C,1670000696
58652959-8d3a-480f-a9d6-042a4586c790,763.575116,147.027236,334.664897,581.722315,721.545067,690.796356,839.041911,596.04998,A,1670000697
7faa024b-7961-44a4-812b-fb787d23fc43,565.366925,783.727217,566.731509,984.22744,174.57253,689.148864,637.3396,976.822536,C,1670000698
2ab297d1-9276-405d-8730-30580ab86074,829.144074,251.20065,310.121185,118.034573,929.602479,39.789603,349.01222,517.158512,C,1670000699
330002b4-0b28-4c36-8d30-1e3c7a6c5b1a,365.245037,499.347377,81.842545,160.56673,41.808436,596.901915,489.725608,583.074344,C,1670000700
bbb6bc95-9c25-4963-b349-15d8c5ad8bb6,735.124552,33.336264,891.696511,772.517231,613.615231,927.030727,710.078467,297.248802,D,1670000701
e295e2de-542e-4424-bb78-7f970a5ca947,411.93225,316.661588,579.655459,500.322826,268.829714,7.02774,493.61908,838.587103,A,1670000702
cfa824d9-753e-4285-acdd-fbff9c3fd315,367.23978,491.772126,153.919251,453.488465,213.042821,138.530925,189.075009,477.529704,C,1670000703
77789cea-4dd7-47d5-b6ae-e5ec00e596a6,536.069282,46.428486,354.140303,678.930857,882.988955,405.187668,935.568236,731.224604,B,1670000704
aafb3156-ead5-4e39-8cb8-dbbac3f3f5a2,230.764257,723.961587,692.604578,662.069944,473.997033,669.552582,455.314775,557.9946,D,1670000705
a82cc3e4-9639-4b2b-9867-50dcc812bd48,348.014279,489.009824,430.529417,474.090043,34.543988,840.635867,620.011008,513.801873,B,1670000706
3ce47a14-73ba-4799-885c-f59ac90516a1,177.960303,223.936899,215.516587,298.70419,167.619767,476.249237,56.906719,70.128304,B,1670000707
657ce4e1-4cb0-434f-a475-23f46020d714,960.140668,289.530703,102.19171,614.385437,834.573779,770.3698,810.43218,152.202119,D,1670000708
ff3477cf-949a-4965-946e-40476d899ba4,601.1726,691.098159,17.072237,260.401415,697.023932,140.306754,837.381124,444.967282,A,1670000709
1f1065e0-cc49-4e29-b7e0-968c01bce1ef,150.682177,897.964533,697.378996,954.3925,878.485622,4.935063,114.345522,131.725234,A,1670000710
ea363160-8be0-4964-a07b-6d3267f7e003,967.100348,1.009545,61.9954,208.312514,870.173895,149.973184,626.720445,352.274244,C,1670000711
7fbf3260-6a9a-4327-9488-ba6492512075,913.280441,514.411423,876.344144,955.62566,907.935538,137.926767,505.449974,391.098883,B,1670000712
c32ba6be-97ab-482e-af92-18b8e18b28a6,933.102215,871.793773,716.775271,268.692402,305.530283,63.897264,371.458171,252.825529,C,1670000713
2d66fc2c-0ae4-4a05-9323-904957d8f5a8,710.190657,849.461809,920.987939,448.906992,830.400038,499.243074,976.545729,804.7361,D,1670000714
97fc665f-b3d6-46c5-ab38-62396dd85776,971.935439,726.126077,215.964993,958.20837,572.947047,827.859049,276.693742,354.914416,D,1670000715
060641c6-fea4-429a-b298-35ea63c3a487,212.129594,545.847058,224.404827,485.235956,488.571022,760.989574,721.780012,555.758833,D,1670000716
b2ccb539-0a97-4b6d-be61-8ebe7e2a4e1d,44.106139,848.980803,855.284655,425.211821,467.659,526.007335,637.978389,696.252674,D,1670000717
22cf96dc-c3fd-48d8-9af6-2c04d1dc97d1,340.736531,63.184216,545.729796,510.684451,907.441162,955.278397,553.720542,775.311098,C,1670000718
01cfb78b-670e-4831-a1a5-8a64f6d96db1,313.465371,300.547919,213.479579,984.566986,977.83524,211.654623,296.742573,628.342489,B,1670000719
ba92ff99-0c70-44bd-9c13-b63e2b4e409c,255.170997,291.840669,92.424741,342.325802,822.35666,822.572787,433.093099,402.792849,D,1670000720
002f64bd-0a12-4f15-8568-1e8917578633,293.347557,209.547776,544.162649,147.017123,313.077697,866.648481,60.228408,136.155618,C,1670000721
5e2f2b30-d78c-4114-a5c6-919ccdcdc106,13.12444,605.119493,210.087355,636.000343,389.458483,1.611851,659.346872,786.934488,C,1670000722
5b1bf3eb-cd67-47c2-b822-403831f05141,62.993461,278.962925,787.882503,16.200621,625.279268,800.115927,938.425785,779.542921,B,1670000723
03c71f96-30a3-4f2b-8309-12c71a5d4575,583.151447,711.419023,130.819845,524.393068,581.795231,80.868236,728.500222,164.852007,A,1670000724
ec082410-df6d-4154-b86e-73e13c92db71,761.319621,889.869323,157.970678,873.150544,823.234258,487.771488,819.825221,565.175969,B,1670000725
6a30f564-2a57-49f3-aed8-e0a194ad69e2,120.362211,660.531305,280.271965,222.772877,403.603477,835.950246,368.363863,150.303551,C,1670000726
2f3d0793-767d-416d-95a3-8f56b8fc8ef6,102.416524,677.236776,414.390295,950.579597,992.764645,177.392662,407.204201,699.048292,C,1670000727
3b06a4b2-8a10-43b6-a806-e6e2a36738e8,556.238843,633.19335,275.952549,815.080474,486.36149,54.405621,825.010357,903.561093,B,1670000728
916a7cfd-fca4-49c5-b803-8b1862162ae0,98.400277,904.366418,83.686384,580.166773,840.014694,390.286193,545.344338,736.84638,C,1670000729
8b0364fb-130b-45bf-87c8-3ed4694c7291,835.40865,451.260924,356.99126,240.459178,689.701373,672.689404,293.738196,473.106369,B,1670000730
f3e247e9-509d-45e4-bbbd-6dff26bcc787,494.535156,310.455603,716.178575,468.56548,645.44379,806.296551,229.442155,325.882172,C,1670000731
d44adf81-61be-4522-bfce-1ec2aca89165,428.825628,675.856332,568.997475,912.819524,593.495509,611.635063,311.866385,273.584623,B,1670000732
6ddf3a4f-089b-43e5-860e-a6bf73ce9b87,893.698476,498.612535,536.216647,87.808487,279.339846,392.161627,899.611138,195.712002,D,1670000733
d788fbfd-dcb7-4a42-b656-48732a99f27e,612.029168,120.30112,778.672924,48.815985,529.867334,170.384119,112.850707,702.951705,B,1670000734
50259f1b-fe1a-48a5-899f-5494365bef85,865.961422,657.294116,450.840626,575.365954,336.478042,833.282893,610.348759,702.431156,A,1670000735
e7e98603-73dd-41f8-900b-bbf2c9cc92e8,557.491045,361.026782,232.7462,720.79889,15.581261,680.226373,574.718174,523.636043,A,1670000736
c840df63-eda2-480d-a486-ef93f8204f31,912.423361,196.959112,371.835628,695.725525,548.70971,633.519435,664.128215,26.866861,B,1670000737
0d37074b-1f23-4381-bdb5-27445462edd5,16.301246,35.37333,397.452345,361.283875,267.901008,316.967052,895.568055,918.32679,D,1670000738
0252577e-bb69-4e35-a60f-5c1486630c46,151.734682,80.35675,119.654641,961.101201,306.527083,630.411057,372.669359,116.840732,A,1670000739
3a84a35e-b068-4f01-874c-b20b625338db,432.177823,631.058434,482.306378,290.183875,194.381855,598.87528,407.046714,815.83596,D,1670000740
c4bb6d60-5b19-4aa6-a160-a2478dc5b26b,692.693352,855.398949,828.594665,340.173904,970.56324,741.556699,124.146385,441.162248,B,1670000741
35f2549d-db33-40b1-bb75-ec8621ad741b,716.483703,267.895409,467.16493,694.141853,287.721451,536.805788,630.51363,369.072321,A,1670000742
bbaf4d5c-4bc9-4332-9c0b-16f920bfe38c,643.611849,208.356646,718.345012,582.802604,526.817088,399.756816,11.954719,596.293207,C,1670000743
977f9cf3-ee9a-4571-83fe-327d50ad3284,625.344459,291.980072,541.961399,120.30848,307.425945,454.958901,216.501871,257.135769,D,1670000744
b5ee807c-8837-4c87-9239-f4fa368f2d8a,950.321761,20.966702,417.362884,95.107527,11.204233,441.757207,537.560714,399.630451,B,1670000745
8cef2039-16c5-4039-9103-ad7c3cb373d4,485.852225,851.46251,561.598544,724.300498,394.701891,925.648845,136.201819,630.790099,C,1670000746
d29d52c5-091a-4cdc-9af0-1d9a788aaf48,529.892614,187.813036,700.572917,35.509619,583.764642,988.831529,27.18167,481.974596,D,1670000747
6b351287-34d4-428f-972d-12b807dcc847,914.040474,108.246525,576.341593,466.010873,280.099167,239.455488,184.887542,597.969448,D,1670000748
fe7b069c-a24a-4b59-994c-a197bca88da2,229.786072,568.052733,115.831334,503.056084,161.623492,271.791336,341.469676,367.495769,C,1670000749
a98d103f-2b05-4f0c-85d9-c60daf63f446,880.686539,616.359059,449.138681,965.826422,634.642562,685.278733,947.61565,30.449411,B,1670000750
3cd734c8-6398-4b9b-a0e6-c9cc867d780f,31.741333,445.65243,37.83078,5.781459,618.746536,927.10122,76.712055,194.409181,D,1670000751
4cc09292-469f-4116-be9e-e51f871a02e1,775.984666,312.933312,828.997388,763.650435,747.28655,6.556661,899.977362,184.755185,A,1670000752
7286cd01-c919-470f-84be-3fbbd98aa71e,362.157989,123.481503,924.122268,157.70637,721.870644,479.844757,776.170124,336.43267,C,1670000753
1b31edc1-a2f4-4bb4-bef9-5b131a9834bb,242.207902,159.918526,712.330256,415.256269,724.331083,35.787398,372.345653,916.033026,B,1670000754
c66d97c4-b463-41ab-8068-5e213bdaa700,209.957206,905.206271,459.040065,94.159037,897.064434,550.704504,569.335947,284.809012,D,1670000755
a1468d9a-5d28-4fb1-b88b-c060dd3aabf5,949.045421,167.461521,884.829472,889.190262,324.878458,759.516797,918.721125,723.41745,D,1670000756
741deb3e-df21-425c-ae0f-75805c308c46,697.019127,391.20884,534.248008,762.690215,699.862487,676.705141,291.625888,85.861254,A,1670000757
fb9cdcfb-cd68-4f32-bd70-cc5709b4ee35,288.956656,321.033783,546.428401,844.265517,163.005992,789.383636,438.840415,531.552086,A,1670000758
acb1ab95-73fc-4a92-b724-a1ddc2fc3d5d,903.517691,739.711795,995.491334,182.528491,432.662973,106.4317,37.853185,123.98079,C,1670000759
bfc19dd1-4230-4c52-99e1-deb029bd4c27,495.514386,151.463925,882.292068,6.354115,955.607208,340.947559,884.203293,991.252245,B,1670000760
63cbf037-28ed-4401-bd9c-e294718e7d42,88.075327,801.292812,337.284187,196.501355,517.651671,4.95833,80.310963,415.84748,A,1670000761
4814e3dc-4cbd-4448-8281-79ca1edf44ba,867.391053,377.551802,655.659634,999.519885,362.052031,801.852635,955.132843,73.254618,C,1670000762
fb0fbc8c-8648-4fe5-b51a-1ff2dcd3776f,160.887964,824.040746,956.698661,491.232219,257.790746,314.810392,311.403346,168.324298,D,1670000763
c133edd3-a195-401f-a3df-18d6a22e5203,159.162665,889.393448,550.146009,765.622929,772.544073,315.212621,633.31906,290.669731,C,1670000764
fd6bbadd-67bf-4910-8a6f-3f2ac1781b86,167.487414,530.340364,926.944034,10.867786,260.297594,128.557156,666.924574,795.344906,C,1670000765
5a92fdf7-4c25-4eb0-9822-f9d3e605b8f4,250.677975,410.597009,238.068025,257.668446,493.927149,155.093476,360.976067,700.160525,C,1670000766
e5ff4858-0bd1-4d87-8419-d2ce63ef037e,589.573933,658.334415,780.369282,690.373309,640.1422,307.249406,152.150125,692.471652,A,1670000767
3c46bf74-363a-4b2f-a289-de0ffb8aa2ba,542.184879,344.259109,830.572166,224.486755,656.57946,554.741744,781.466966,15.911335,B,1670000768
0293cbd5-01fb-4f58-a0f6-ffeb2a8f91e5,287.852558,161.128891,517.961477,905.231558,838.457974,951.474125,890.757125,552.443692,B,1670000769
60a73bc7-ce5b-432a-bec8-dbad3d868c28,357.369002,205.658339,533.284601,165.109327,551.478904,197.628556,739.220192,801.311148,C,1670000770
85a089c7-d765-4e56-95ca-b0311d5f5598,640.801085,702.295874,355.952486,67.718944,101.321186,467.170353,670.960289,13.630796,B,1670000771
b5cb6cd0-c196-4bdb-b7cf-a573070911e7,879.609309,231.988213,870.533932,449.217581,513.744115,572.33761,772.015343,28.675716,A,1670000772
5e23225e-e59d-4f83-b6ba-d60706f7b3cb,132.216207,194.844007,440.563734,39.50477,435.091203,570.807623,874.536839,676.344795,A,1670000773
18d0c7eb-360c-45f2-ae49-340f8fa15b56,180.56611,720.693953,913.283197,633.845014,449.827657,177.654909,663.582189,741.077553,A,1670000774
70dccb1c-61a3-4e7e-a7c1-8b78c6098dc2,144.089966,72.611014,571.802018,399.528279,409.020882,918.864117,196.940076,486.980075,B,1670000775
977946a0-1ef2-4c74-b965-f354f4b73766,150.700034,407.33691,70.416208,363.833109,623.216615,289.258837,371.727268,239.239905,B,1670000776
70545bee-46d1-4554-af90-7a623035faad,364.780521,390.440882,651.072255,137.534704,567.226062,241.484787,342.549978,252.337379,D,1670000777
96b24268-afa9-4eee-b7da-e2d17904fcfe,853.200987,226.029338,581.393432,51.994895,381.140588,876.025021,691.553744,798.050056,B,1670000778
3f541182-f630-40bb-a231-83c536caa157,210.720218,608.780575,301.230686,486.853403,55.796427,911.433895,647.77609,402.875068,A,1670000779
ae33a47d-2117-4623-8b15-c88c3e6eb145,285.081203,645.648605,429.344292,575.440431,979.013529,378.289119,937.193741,452.768635,B,1670000780
bd4e3654-cd46-4b57-a386-9227d2dd702e,247.059369,83.405855,185.360985,84.47745,398.529503,343.617625,741.103765,161.018766,D,1670000781
06ea21e6-462d-4ca6-af17-305d89c61c9c,206.724112,681.438873,805.671425,917.713675,979.450537,609.44726,395.424046,476.5602,A,1670000782
9f32792b-c773-405f-8871-2cd270d4d373,363.432423,324.843365,219.16829,627.305511,610.006728,479.303794,855.643336,140.691976,D,1670000783
36ad5c7b-7228-482e-845c-210279011943,182.161968,145.594733,332.431146,661.346083,495.599918,409.479248,435.705161,232.081247,B,1670000784
8afb69f4-77d9-46d2-8f20-548d52ac9d49,970.095465,124.66376,517.763239,233.338376,338.250104,221.91924,171.662196,692.746342,D,1670000785
c32fe143-f9bf-4943-b999-d1e71eb313ae,989.531235,342.950839,485.401118,103.482191,967.122924,637.782055,433.552913,858.917641,B,1670000786
282dd6f4-614d-4cb5-adca-73b18b9c5e1f,230.580362,238.094805,441.038061,536.922862,894.155132,776.090611,137.587731,464.076625,C,1670000787
cc97c0c7-6117-4fb0-a1e9-ab8de98e6b2a,710.470845,601.115243,600.790699,171.61439,733.578585,916.058461,779.695645,783.20159,C,1670000788
0d5aead0-b8f7-4838-93c6-536747983e95,372.02924,515.416747,904.924266,64.425374,229.767672,941.571537,919.395816,247.17802,D,1670000789
0336a5c0-bf72-4e06-afde-452e662d9fa2,100.765112,589.936538,984.381882,860.980547,713.195605,604.190268,223.012675,379.291141,A,1670000790
90f2fb13-1e74-41ff-9193-cf6d4457165e,655.552734,475.092779,259.324914,627.909202,229.508707,798.799604,186.415064,973.596783,D,1670000791
a0f01b62-dfd9-47b8-a69e-d52034681b8c,851.560517,278.258164,597.494655,230.520882,564.976142,356.188042,268.303606,250.249832,A,1670000792
029a648f-d14b-4fa5-9628-6929173f0bfa,219.370427,930.417169,368.967504,811.122609,327.558658,733.839502,726.127609,230.694411,C,1670000793
2407230a-fd5b-4782-b32f-86a884aafb87,279.296948,783.62633,998.683305,251.255094,338.373404,953.081899,549.091664,10.104288,A,1670000794
c664d1e2-7629-42d8-a6d7-6bfb9a5555a7,688.669115,882.905062,12.087715,417.881782,683.513388,455.017072,709.932674,396.662625,A,1670000795
97e743be-8863-41f4-9c3d-f1afe9324fd6,782.88665,193.274584,540.537946,130.294047,521.968467,245.09044,215.478463,814.795877,D,1670000796
8f3d08bd-5470-42c7-80fb-10cd5e39f079,137.919617,193.350966,254.200343,209.066981,252.166357,747.668302,299.541255,779.828275,B,1670000797
b5599814-b5b8-49ab-a15a-0c75ccbe63d0,279.536282,65.802635,725.098873,667.084133,946.015396,409.993721,987.658009,236.775487,B,1670000798
36d63d74-3d4e-4b2c-9605-7a75c4369e45,236.838847,204.400839,772.755282,228.245272,876.194703,8.967008,91.294402,164.33874,A,1670000799
b61fe923-c1d1-4c3b-9f45-300d886ba5c4,130.669941,221.888318,859.622496,423.682541,469.733979,185.698439,758.046065,417.148915,D,1670000800
8edc6b29-9209-42ff-8b62-ddd5c2236927,768.378178,909.191223,107.572283,229.797157,238.700203,325.534702,732.853058,284.384228,A,1670000801
c56e4c16-61c6-431e-85cb-6e3b72e9c66b,593.912842,165.199713,1.400146,694.402451,74.242528,842.900056,364.833244,61.788939,C,1670000802
6810f28b-8486-4453-b437-1da7cf8de4ee,94.99675,918.388746,268.848207,518.736536,262.796813,438.877657,519.748429,921.259724,B,1670000803
8c4cdae5-959d-459c-84a8-79b8fcfdcc81,301.148435,465.22093,93.499433,469.653503,358.294133,98.417467,162.440491,765.799845,B,1670000804
7a34efd5-748a-410b-8750-93bba8522578,199.437735,377.148782,126.952071,70.992735,602.247403,759.64067,408.132991,495.8161,C,1670000805
9f24561e-f654-4e0e-b0ad-0e4383931945,696.703392,241.25676,420.479348,122.057028,300.156811,350.653824,584.661627,86.413047,D,1670000806
6cd7d660-6615-460a-866f-864a38a75a5e,69.342143,470.604463,705.971415,369.919487,311.600643,563.229381,353.175743,903.428527,D,1670000807
06a33afc-59cb-483f-8b48-744617ce7d66,355.796587,7.735869,367.764061,219.121494,858.129137,580.085334,70.237883,608.190601,A,1670000808
97a6b0b3-7a8c-447d-8ac9-fa7d3ba3ac8a,192.177291,379.508617,595.356916,963.973678,353.458465,67.209839,610.268953,876.138539,D,1670000809
0832c69d-7591-4ac1-b335-e70d032db51f,784.435163,217.785516,169.786309,829.309707,383.666053,732.562644,234.334991,398.933596,C,1670000810
7cc29fe6-a955-4f88-ae90-ef98bb0ab17b,917.74151,270.287369,481.360246,83.029972,812.857643,408.885385,617.067237,652.801444,A,1670000811
df552150-7d01-4677-bc9b-f595789539d7,269.636275,690.964699,88.679641,537.159941,277.051125,362.052447,915.254026,159.274477,D,1670000812
1a0e1f59-5e01-4238-bd1f-01b47ab9f00c,973.327819,575.288298,633.932865,688.711503,903.1269,39.645246,609.444965,987.620326,D,1670000813
07201e6f-8329-4229-9ead-da45baf85e19,625.083592,873.060898,995.158615,851.658362,940.090283,500.197141,725.07914,836.052286,B,1670000814
090c6b21-fc66-4e16-96fd-8cd1bee47304,884.697783,972.782077,194.507689,249.427239,122.425893,764.031954,61.847268,69.053744,A,1670000815
f123e73b-c29b-40d3-9859-1c5f2a8d9f00,144.297053,68.845207,787.120878,794.427392,899.47606,744.446521,355.635839,272.072335,D,1670000816
0813e4c1-99ee-4ee2-a063-843c14c0df79,298.994577,477.214274,830.85061,520.555738,977.696634,84.778622,948.460158,916.676916,D,1670000817
6a5de149-7f75-4513-a3ca-75cd1d5b3c20,522.316622,759.912404,535.616461,601.228204,400.754588,142.824111,718.265517,994.923136,B,1670000818
61900b42-3637-4eeb-8b52-bcfe04def261,731.799537,200.816323,214.057081,133.730364,817.796472,323.926605,207.271968,572.144506,D,1670000819
c87ba45b-e1b5-4c52-8da1-e31d0c0fdf50,722.476299,174.129877,929.559145,807.300599,837.271483,436.919207,641.726978,477.038625,A,1670000820
d3ac24d7-4766-4dec-9b2a-3a5fca1efa1a,49.760692,508.53139,221.368901,437.738596,667.820652,57.255127,405.990287,518.673262,B,1670000821
ff4872dc-fb5b-4d4d-b826-2144ec104dfe,181.932643,80.563783,7.633178,129.314533,933.079164,840.615058,597.866701,689.727342,C,1670000822
3ea5bc4c-e650-407d-9bb5-e6009c12cf44,153.698945,798.881071,345.014856,393.201794,466.478723,346.152508,312.346072,747.450855,A,1670000823
5101a8e5-d725-413f-b29f-cf7bd44ede2d,328.656643,706.39383,941.886819,983.683323,424.603819,751.159967,15.284246,997.548117,C,1670000824
6af59fd5-d6da-4be6-846f-c57e021f30be,616.953549,438.399389,657.771176,31.122237,10.696889,859.44675,70.237452,848.099478,D,1670000825
de342575-7c3d-481c-bb2e-23608a6d0dc8,758.744766,395.767583,552.124495,563.044026,891.225365,230.525223,633.206261,223.136483,B,1670000826
456b702b-98da-483e-b5f0-c3cd6a700ea2,647.944769,721.86687,417.913773,32.476686,2.82798,305.288448,898.980923,402.96714,B,1670000827
48d4d7b4-baf2-44a8-bb03-d77005e4809b,785.869536,524.791497,832.233019,304.435292,484.048006,943.739471,962.310224,847.871094,B,1670000828
3599fb98-1db2-4763-8a2b-88a87af22de1,366.046285,591.525118,203.120315,506.77386,547.668239,117.309778,890.708905,382.641977,D,1670000829
6e2ccac4-1a33-4371-9744-42ce2b126363,481.682501,939.355575,884.283958,641.371869,208.000743,590.219738,522.993147,938.655787,A,1670000830
00d6f1e4-e3dd-409b-9b7f-1af7317f5d6b,591.902004,362.725388,385.752741,153.521768,824.472275,474.552275,723.33254,470.626839,C,1670000831
9c6e4536-df2b-4e3d-8522-7ed3fa97c0f1,542.658338,482.305551,971.864849,449.702513,142.092239,56.621699,887.992,979.055221,C,1670000832
d4b111c7-2210-439d-ad3a-5c97129ace64,896.980869,478.490224,512.27212,547.00666,128.042567,210.212992,942.434051,872.444681,A,1670000833
819def9c-9f96-46f1-830f-685d86c77266,926.047939,364.221276,544.866963,98.851329,895.06086,775.749602,342.560556,8.860176,D,1670000834
17065d69-26ff-4d43-b47f-dfdc0a7804d0,838.321026,971.915949,904.19873,444.748505,565.298462,770.08287,208.006029,267.129751,A,1670000835
29f710ff-572d-419e-a540-2829651f852a,308.424353,110.394656,718.17209,132.45013,70.231841,949.778929,448.314941,496.260864,A,1670000836
a068c137-3bd9-4326-a2cb-38825fec6da6,476.527172,264.183453,684.513327,835.399142,107.64101,998.689523,423.942569,399.838996,C,1670000837
3cc49e52-f38f-4c79-98c3-f58900001d48,104.210414,12.097178,131.762907,586.966374,361.440072,932.535768,990.918228,807.476995,C,1670000838
06614a23-c4bc-4042-9e03-828a5ef69f96,541.369838,530.927595,414.522556,989.76028,11.4955,706.087452,716.410277,226.348067,B,1670000839
eab5f470-0985-4901-938c-48e8ddc9cc36,237.384146,412.356557,968.581987,949.230444,560.380804,119.136886,653.85301,272.355645,D,1670000840
2a25edf8-039d-44b7-87a0-6cbb283da5bc,186.648494,263.342808,279.049188,64.629614,993.313752,652.90114,121.671314,17.479805,C,1670000841
e7211dc4-4045-4876-bd69-e3f6a80bfe62,246.236269,206.019879,778.161889,15.431973,216.830335,1.039189,808.549596,902.60367,B,1670000842
05a0ea62-c4ad-44c8-80c8-16a86c9fb37a,756.470661,578.018487,322.257908,208.729277,582.30795,570.756656,365.515145,235.081714,D,1670000843
b2c94075-78ba-4505-973d-130db07abc33,189.217148,476.890324,505.783749,51.647412,245.784499,700.145489,279.521725,482.739286,D,1670000844
3c083111-d5e7-4557-abf4-c08c5dbadc7d,476.698721,328.076642,45.734829,640.546628,667.598075,102.415819,786.206209,551.981072,B,1670000845
364092de-fdea-4c65-983b-c5965456c31a,299.081361,341.619763,188.421781,831.251793,429.9155,771.556025,726.506921,441.45902,A,1670000846
72bd57e6-5ed0-458d-a840-41e54474b338,826.228314,345.762494,577.564169,987.398823,733.181993,421.652396,45.165235,56.913824,B,1670000847
74f87ca5-2557-44e4-a6ea-738694e0d54c,50.670666,657.176749,943.718312,359.834477,163.891298,566.261763,294.478353,867.423964,B,1670000848
7b445f0b-7358-4f86-9111-3d0d35278cef,233.573548,141.100009,671.149164,599.960993,248.583504,770.225879,179.205502,551.117042,B,1670000849
55898fbf-5eed-4f8f-89d2-e9af53b5922f,19.706637,694.542639,992.972466,722.303752,493.890274,522.523848,486.493422,529.242727,A,1670000850
b40d864c-5a30-40ac-8f67-db6a960179f1,674.666869,55.153739,411.417336,25.154312,379.004649,444.261293,370.748991,587.593219,C,1670000851
b1195518-cdb0-455e-b34f-e63f2ca5b592,824.704403,661.714148,867.030612,273.205142,882.904006,763.481674,505.174584,928.869626,C,1670000852
3b6ca71a-1a60-4a04-8171-3506749aff34,211.544596,650.017968,871.769684,105.20467,549.122323,729.743198,431.998417,52.471757,B,1670000853
adfeb4df-bba3-45e0-b111-a1c2f342bba5,511.330063,351.077265,528.185392,380.58377,125.547114,579.063005,518.459171,561.182628,D,1670000854
f9793c94-ff6e-427d-bca2-ad3bf6756ebd,271.062751,442.381938,898.995463,286.728987,378.299438,150.060262,710.620492,943.275192,C,1670000855
2d9e8e24-36cd-483c-88de-a1cc52e43f1c,879.048069,546.550528,442.069445,286.795237,75.185281,835.50442,109.306789,936.770543,C,1670000856
da221a47-824c-4685-968e-052e676f7177,106.988238,121.839573,429.453503,798.730712,658.121229,663.797221,158.871543,201.359975,C,1670000857
ce11efb2-efe9-4712-9530-dc2389f909cd,583.009608,690.214973,592.355344,500.5367,655.027913,588.31854,391.180426,52.417146,B,1670000858
c5ddca8a-a5bb-426d-acc9-c3307ef1570d,704.175147,93.587194,960.356764,227.141125,436.579347,901.138997,603.986918,915.229043,C,1670000859
f6bce46b-4cb2-4abe-a528-980411eacf82,781.891321,748.844425,406.419932,76.127203,401.568383,100.943749,711.433952,439.877547,B,1670000860
a49585f3-6f89-4c6c-a557-97480f34c0c3,338.692296,227.346454,174.206668,464.677956,851.061582,662.952865,107.435708,335.033316,C,1670000861
97db64eb-25a3-4c0f-a5da-8386d3a72dc8,125.939927,753.445692,180.803558,771.980642,722.783274,200.431987,397.79293,641.269348,B,1670000862
6ac756eb-675d-4463-b1ec-1f5d8cb57562,372.1079,370.973065,539.608301,64.175705,345.083951,82.972922,986.411815,609.017203,B,1670000863
ab5aaa25-3306-40f4-a278-365d48c1b9d5,794.354929,320.232687,710.118447,931.735612,846.175819,484.22631,744.584194,141.291222,D,1670000864
62653381-6835-4bc9-a81f-fad325c9515b,893.735814,293.388543,334.767982,512.449692,80.489859,843.423731,419.210764,180.088323,B,1670000865
ea38abbe-3b33-4616-9244-d1c0a0d68999,771.085036,661.112986,196.982318,815.259215,295.63515,661.538777,796.902918,417.127322,C,1670000866
22f0336d-6283-4956-9ba4-248db7351bab,762.964339,163.843641,104.483953,944.31108,448.34167,299.568394,337.303871,784.960943,C,1670000867
04e885b6-6289-4499-be12-f64bda39fd6c,554.036537,771.171397,487.327125,536.905122,366.391019,202.336584,737.660197,944.12329,B,1670000868
714fce30-fdac-4a9e-ade3-6b9126916c2e,599.995241,666.243481,169.454942,327.180424,676.233489,805.970879,870.582138,616.091493,A,1670000869
b76401db-f10a-4b5e-9ae2-ad4f3ce89f49,435.058666,964.665063,144.93476,673.589336,216.781716,3.577468,172.322277,307.421889,D,1670000870
aa4d64a3-9e63-404b-928f-7b11490acdf1,322.471249,545.633969,858.286309,348.986126,636.170935,863.728288,425.430689,588.552872,D,1670000871
3bd3ce64-a6c8-46d5-b78a-53f8c548b090,203.011043,667.472052,734.662564,481.059988,669.047848,926.297534,225.686637,867.44401,C,1670000872
506f744b-7b5a-4418-9859-fea2ee582dff,880.78426,724.962407,430.804642,477.131488,529.450083,557.64793,615.96541,258.662352,A,1670000873
810eaeb2-9f64-44c3-a39a-4629b039c7c8,840.204965,838.004925,815.102427,855.354832,991.623473,48.604447,56.505191,39.949663,C,1670000874
f457974a-ed62-46cc-a0e5-9d1aa1c17147,688.041602,163.674451,701.330768,667.182332,510.507713,824.733779,35.494901,402.077506,C,1670000875
d0dc6bd5-c184-4f72-b2f9-56b18dc42cbe,364.978537,916.657181,555.781914,793.155487,935.277374,517.471948,231.382056,544.540352,C,1670000876
05cff158-e382-4c5f-80e4-034d6526c581,55.044725,64.72272,259.413523,153.925424,971.139174,96.864015,915.949543,461.30412,A,1670000877
5d8019ec-d1d9-4df8-8344-86750d61e757,706.885399,350.280321,918.651769,388.061998,268.734111,186.083245,473.915323,187.428863,B,1670000878
a92e6592-380c-4702-bdbc-d8d7e5ace935,62.591365,977.156403,231.874032,300.172477,834.885115,780.396053,439.134406,292.406231,A,1670000879
a527d452-bff8-4a95-a96c-95e2a7d61743,491.414562,733.620786,727.194106,377.445596,382.52044,198.275398,723.032955,874.160366,A,1670000880
4e83d5fa-fcaa-435e-8ddc-c05a60456f45,139.266099,316.979865,64.092677,915.514725,682.29575,462.410111,129.085191,634.735111,C,1670000881
045fc213-b597-4a72-8c19-ce3275ffcb98,753.059632,593.905363,395.575622,85.991774,131.374873,770.632324,586.983514,229.185002,A,1670000882
44c5da5b-3986-4e19-b4e5-7a9956025522,752.479974,491.686102,782.878654,940.022373,841.530238,134.767274,273.078824,999.23989,B,1670000883
62c0b8cc-7ede-48b0-86c5-11fe329aee60,5.320868,590.871404,846.801749,513.403704,929.301493,653.437367,519.525827,595.038051,B,1670000884
90c65f8d-4dcb-4945-a830-ca011e2d5b57,932.581353,647.541687,7.388513,647.331816,401.585629,982.146639,735.046108,831.063488,B,1670000885
109996d5-1ef4-4a2c-97f4-bc43e7485a8f,127.108269,886.53382,161.556859,105.176443,292.036026,280.661052,77.54832,669.659567,D,1670000886
169db963-dd94-4651-a3e6-7496fe139e09,892.882621,46.116225,432.257122,102.307371,146.916791,565.578292,995.780803,41.038199,C,1670000887
f2af2e90-c8dd-476c-88d4-99bc0bae4f8c,713.112073,961.657308,40.358818,949.349509,531.509792,34.368885,292.79374,799.400567,C,1670000888
09e12091-4923-4c88-8993-f9d96a3ab9f8,475.603353,460.406346,254.260524,605.083011,604.370856,565.582405,820.746817,611.086541,D,1670000889
59244785-673f-4dc2-ae58-89ad3c37f47a,131.679403,400.900005,379.929255,334.809231,414.148851,808.264234,276.016661,421.168867,A,1670000890
a411c6c6-9439-40d7-bbae-d35bb0824f65,684.020133,448.242681,892.984817,661.565906,932.360556,745.06943,108.745151,687.982404,A,1670000891
eec2d837-ea82-4b11-a74f-d91c0b4281b6,57.382881,446.217479,542.481092,699.02448,20.40898,486.785762,982.47607,197.771807,D,1670000892
c26a6c1b-157a-427d-8840-7721067d74ee,21.395883,831.004706,428.018855,504.795954,827.624205,404.597586,953.203944,546.985411,C,1670000893
6b7de65e-5448-418b-85c2-b7ca39bcb869,115.28408,233.960219,619.79919,267.311638,609.113824,233.000136,925.444037,917.160273,A,1670000894
8ca76e0f-bc2f-4ea1-8246-47144ca769dc,847.807704,804.325047,642.372026,271.832132,808.903983,802.396307,811.879875,35.858126,D,1670000895
bf0db519-ae6d-451a-b055-5573636bafd0,483.341083,707.496555,946.865103,517.176466,583.332602,241.609088,852.977091,663.580128,B,1670000896
92e20fc7-5b99-4e2e-b00e-9e35845ca488,784.427021,910.425272,158.904489,96.497724,85.567213,450.194086,425.973009,98.274663,D,1670000897
1d13b884-af45-40d1-a6ff-2c90d069bd35,820.709308,232.193429,563.023303,326.075659,24.989774,658.437961,499.731112,222.275679,A,1670000898
f59b7e6e-056b-44a7-8b9c-a1ed6efd4ead,898.630045,414.190416,233.630292,398.962612,83.016422,388.191455,86.156885,3.942956,A,1670000899
6d182ed0-d2c8-4eac-ab55-282984144239,816.467847,391.424375,650.577311,749.115579,796.951556,908.544333,90.655295,357.747825,A,1670000900
24aaae93-d1e4-4994-af7c-dd68773f08a2,170.191232,525.674788,894.331933,487.406233,245.363409,599.025983,218.88393,395.473671,B,1670000901
cda1a9bf-6012-4058-89a8-af5a1402bccd,446.446664,831.097828,930.209005,894.681255,527.239152,777.618335,288.407451,349.451831,A,1670000902
9b998369-1894-4b87-be98-1b8e841cb412,24.206455,806.904049,937.586968,411.141701,939.829112,576.490208,472.365777,12.402521,D,1670000903
7af320e2-2e05-4562-b388-97287a88b4f4,678.52319,52.159412,755.356047,992.050164,931.548777,680.853677,659.087592,355.108131,D,1670000904
ae01398f-e6a2-44c7-ba8b-1ede97ac87cc,185.25901,385.088931,16.313971,110.662872,514.445131,728.033112,194.209621,479.63539,C,1670000905
180121fd-26ce-4edf-acbb-675dcd491bbe,227.004439,899.80378,872.326108,609.228689,240.885421,104.451417,546.117729,840.473154,D,1670000906
e7628c55-ac4e-479c-ac20-826f437dd13a,558.306472,550.008236,945.977032,420.440862,105.110617,452.550939,456.213235,385.853789,D,1670000907
e491fa2a-725c-4429-9760-3f3e01078fab,694.189443,866.316581,940.082563,864.17831,493.844025,886.248592,780.619043,403.732285,A,1670000908
b852e4e2-4dea-4fa6-a41f-3eb5f33e8ac9,592.304321,542.809626,382.087588,244.575564,196.531098,985.365165,631.025057,833.336917,B,1670000909
af6945c5-664a-467b-83e2-a98ae47d14e1,420.981432,591.291195,152.219377,449.162734,460.10308,28.589685,61.061233,171.068338,C,1670000910
3d6d98f5-69d8-4bce-80d5-816e47d35cf0,768.809674,11.07716,547.535319,726.184007,89.498572,391.704857,816.56654,87.522591,D,1670000911
300891d6-c80b-4fd4-b559-e136f943f099,852.468254,977.50907,532.462123,837.932616,82.351669,376.411498,477.219694,621.752203,C,1670000912
98dd1048-1570-467a-adaa-3a1b3e285fb7,857.226689,883.852181,79.631845,457.685236,400.903425,625.571599,371.529883,533.935066,A,1670000913
8a3f52a0-7869-4943-86c2-c991dcf1d19b,597.546123,176.905628,138.84433,289.436951,474.69074,78.487726,302.88914,350.638856,B,1670000914
b0c62ad5-4b29-41a5-aa92-739037248ae6,486.328198,536.532103,286.64256,846.950475,334.301779,213.542178,793.148648,935.239577,A,1670000915
7d70c511-8d45-4bff-8541-97a5e719f00f,606.272487,419.925809,350.916431,132.942368,230.48515,377.080425,82.768928,653.689876,A,1670000916
95bfb911-5d99-4402-8a18-b02ed98f71f9,626.7058,397.17128,263.785373,286.245189,574.116257,107.560161,900.77371,507.698509,C,1670000917
c0e20ff9-fa5e-4b6b-ae86-5e93529e862e,411.16431,966.146093,643.624228,133.734136,436.311025,995.559869,772.387061,564.579902,C,1670000918
a7db3e98-831d-4f17-9a40-d6bf8f50932e,660.833029,973.635085,983.188457,962.157289,884.811192,661.85896,49.261866,571.414741,D,1670000919
08a66cc6-0ff1-4182-b02f-8c65ef1d0978,400.69415,785.21402,810.782315,622.468124,926.381568,392.354149,743.777173,670.640511,C,1670000920
cc029106-e304-4f67-9ed9-26d1fc18128c,632.190356,770.71559,960.46881,898.206795,52.483489,602.838962,229.816147,579.126715,D,1670000921
270c8416-6477-4b30-8a0f-ea8dd6f7b62a,381.461059,167.794066,388.468655,791.845531,231.064692,456.241163,665.51732,909.354218,A,1670000922
91c48fc2-faf2-4489-90aa-05ab38a9acae,867.939699,244.817222,206.157534,990.668725,290.82928,82.448466,127.111661,63.822618,D,1670000923
1f29f2ac-9b50-4618-81db-fa29d2a36624,399.05208,384.780009,892.25588,484.500961,852.497361,560.267613,752.256788,266.79477,A,1670000924
239cfbf2-675c-426a-af1c-375e52bcf0a9,706.636117,878.249713,713.277196,364.930974,736.112079,507.842954,222.137731,543.162238,A,1670000925
364f251a-e2e3-468d-8b65-344d171144aa,75.252354,241.942495,674.593904,595.999399,49.564929,728.628404,308.496617,918.532269,C,1670000926
e10a1af6-ff6f-4506-bd10-70ca8a761c30,822.78402,151.880587,570.191036,824.192069,586.222245,710.965877,962.023621,485.851859,D,1670000927
587f0703-29db-4d23-a125-17dd29edfa3f,296.935923,989.29359,415.186573,292.699242,445.121516,209.913257,535.883845,754.152069,A,1670000928
fdc59943-7c53-4380-b068-c328b9e5739e,753.126402,786.305381,863.845995,849.506128,885.343794,129.45835,771.4826,828.993106,D,1670000929
2e8fdd27-82f3-4838-94ad-7035fc5da0d7,697.686894,198.937012,783.33107,646.742376,475.415389,698.013864,265.737319,546.010734,C,1670000930
71c875ca-ba29-4f1d-b85f-ee162cc5339e,952.47592,433.398952,539.592149,370.426342,39.864774,203.171927,450.647919,828.204255,D,1670000931
620205be-f08c-4cc2-a058-baa8b89d1e9d,664.577571,541.64879,625.652825,410.544166,332.087077,503.613751,59.102468,662.320728,A,1670000932
ec8fc4d6-512f-4a07-9af6-ee62a7681a66,374.659185,726.018521,555.231688,716.520989,278.264465,928.357871,828.829768,596.595227,A,1670000933
03c89452-93e0-42a4-aeda-8453b5d150fb,533.806574,215.553068,604.1163,29.316312,779.467427,373.57701,10.753077,893.676707,B,1670000934
3d9e6ac7-7cdc-48b7-ad39-a82026ae29e7,349.823459,556.38158,643.323043,923.487525,331.766828,590.856402,360.653487,814.117388,D,1670000935
40b56c64-5bc3-45e0-afe6-e6a953d7ccdb,626.179193,618.389197,138.356037,228.020066,166.576909,523.364754,396.899118,422.562109,A,1670000936
c098cfcb-61f6-4ce7-a846-06d359e40930,282.320415,834.385525,601.912482,348.120029,179.010847,251.099269,446.750219,594.530139,D,1670000937
20a27bce-38cf-4138-b241-f5894f7da617,601.400481,486.147852,581.255225,831.112169,877.023745,764.325245,302.467097,660.379759,A,1670000938
0ed1eb9c-0cbf-48a2-85e9-61c2501e561e,172.653943,897.283117,604.229188,950.228208,344.859905,761.959283,281.725095,926.765349,A,1670000939
302f3f5a-c4d7-4277-9eaf-fda6bb945500,652.443362,318.97429,519.255451,252.342623,459.147664,254.623246,491.46829,944.762372,D,1670000940
15148f51-8555-4f9b-9549-b0afb3bb9737,849.445466,981.128019,615.657542,934.544788,587.748037,560.216733,974.707169,948.49491,D,1670000941
8912d62f-1488-459b-b986-b37f572b577f,301.130965,733.708025,963.492576,195.549124,401.471793,530.713195,538.713863,694.359843,B,1670000942
bcb2678e-8944-4bae-9cf3-59e01e861f2e,967.502355,213.711639,131.497615,692.512793,299.605037,923.5568,58.42546,518.313974,A,1670000943
78979ecf-8836-4a3d-ba85-8bb06527089c,329.164398,71.005944,634.576877,69.20954,426.21027,440.715951,245.009076,227.441846,D,1670000944
4afd0915-5404-4429-aa1b-e266f018c861,716.75952,337.468137,858.297042,567.123523,268.534374,846.492941,210.957453,209.28241,D,1670000945
4fd143aa-9a8f-467f-9ee0-1043512ee8d6,884.136528,671.517381,782.201969,658.080481,485.83734,317.481499,720.800303,722.287179,B,1670000946
60f5d090-3d1d-45c7-a4f2-da0adc6ac2cc,433.785517,175.427949,312.879332,711.092675,535.321527,543.701755,65.045819,842.044136,A,1670000947
8a706888-5e0b-461b-b6ac-6f3208f30ab9,748.265856,92.182471,841.407587,549.83264,434.830571,971.726339,205.38437,753.173348,C,1670000948
12c254fb-6221-41cf-a065-d950b19aa3dc,378.009775,384.379215,546.951246,115.413121,938.962966,983.969413,584.700156,340.210031,D,1670000949
bbfa7e84-36e9-4815-9860-0cb4bccfdb16,848.656904,161.214157,361.872297,8.394879,995.326673,401.74689,698.317701,981.499911,D,1670000950
b483b6e9-c66a-4c13-bb10-e9bcf00c0236,826.753905,971.427933,375.343093,933.008245,992.70572,355.313197,906.825867,372.967026,A,1670000951
43372413-411b-47c9-935c-0ea8613eeb6c,385.969506,719.515097,750.764856,420.219219,279.040714,879.291257,219.428987,410.202856,D,1670000952
52f00e10-9eb3-43ae-94b1-cf842618a43d,97.02792,511.318233,496.247542,784.3387,195.508045,937.528633,337.194754,849.972763,D,1670000953
c3f5d704-ce45-4901-82f6-9dc0ec7c8c87,50.515386,254.639571,247.377063,766.953435,296.04093,77.107345,143.53021,180.314816,A,1670000954
fcd09c8f-f20e-4e2c-b3da-052028dba73a,609.624022,105.881302,696.683492,715.461408,525.929827,393.163169,928.881356,31.034526,D,1670000955
9f747035-b3b4-4a82-a01c-e4b40c25e9e0,644.317738,463.735711,11.370543,25.830267,634.91189,814.453979,321.838824,468.288438,C,1670000956
649bfdc0-d870-42bc-b56a-ef1003872073,357.319097,703.233676,743.115556,123.973157,447.716719,658.17098,38.481911,168.805985,A,1670000957
a16b7c1b-c75f-448f-8136-c29668cdb54e,175.006398,616.874573,704.831009,921.214367,625.871064,438.107806,666.095874,639.507613,A,1670000958
da9152f2-9690-49f6-a97b-560defbaac4a,45.129244,632.152393,930.523053,40.907343,141.865767,345.315514,242.474866,170.599901,B,1670000959
6ca084c6-369d-49b7-8db5-a31a18569aa6,400.770863,1.019933,644.383744,323.390147,714.538584,793.337043,456.533547,454.196221,C,1670000960
29787d6f-a703-4406-a78b-42ef17cdd4c7,885.434648,805.500766,424.785313,353.033806,797.657544,644.102154,255.149745,950.986879,D,1670000961
a626d88b-c952-4526-96c5-e8b05324e287,191.164115,692.883983,181.09913,563.46286,959.779956,725.843516,273.765098,332.123501,C,1670000962
53d63149-b9c5-4713-82fd-f04fe6d48986,114.356517,538.450389,894.335264,707.501314,168.200705,403.02704,800.781064,874.401178,A,1670000963
a3ecaaf9-772e-4381-b450-676ad22d1ad4,752.943099,551.576253,908.620401,348.677411,598.264716,2.3919,545.236384,439.939615,D,1670000964
68ab1b7c-6836-4f6e-80a1-2928d1d03d8a,709.850797,583.19039,592.128195,69.688686,49.113961,392.302141,883.44357,222.901469,B,1670000965
e34ead46-59fa-4420-9400-84e841b9bba2,283.796043,501.004759,893.949609,783.035797,430.371329,700.483133,868.805733,294.006192,B,1670000966
0fade5b5-c171-499e-9fbd-dbeef53ed2bd,698.913228,599.6927,423.001322,620.416637,448.979394,466.104887,981.540402,766.237405,C,1670000967
b734faa2-a500-47f0-9912-4d894cef5d6f,861.671456,240.457557,555.07822,794.026027,997.162201,810.174067,878.877775,362.120263,B,1670000968
985e8d64-62c3-4455-8b84-143cbc32d0f3,213.963721,203.325155,960.808726,401.360338,310.228369,825.170948,113.998047,816.283477,D,1670000969
fb2ae0dd-e88b-40f3-a57e-6ff7be896a9e,828.156779,434.686718,943.176227,544.591332,528.542927,257.843757,465.390256,794.713231,B,1670000970
f6514bf8-c0fb-4628-b969-007b243716e5,790.393336,699.900536,581.013616,293.436251,779.615759,523.439181,727.3816,72.649918,C,1670000971
7dc049a1-6309-4525-bebc-1f88487391f8,651.932789,920.769939,985.676078,896.170878,487.661774,107.761979,753.421685,411.309052,C,1670000972
6aa6b5cc-d8b1-4200-8c3b-38ccb0d96776,888.797215,982.697189,27.751776,299.103658,981.778153,169.778774,959.143734,528.615224,C,1670000973
ee641b1e-0efa-42c0-a166-706c0d59e042,759.538691,414.796559,353.903038,717.344642,963.497817,740.697381,568.800317,858.865063,A,1670000974
cc9f1138-5bc8-4290-97e7-cd1bd6317e99,93.118547,494.723724,434.369398,344.170718,668.890023,155.649166,653.32715,546.793165,D,1670000975
07227d9d-186b-491a-9e89-ac2493b37b83,484.165579,266.76901,257.607057,768.980131,799.440706,755.751446,254.646507,904.948131,D,1670000976
af051686-59af-4228-aa59-25b13b6d5406,61.88848,333.566415,602.090005,940.385087,633.85993,218.893827,88.039285,978.334698,A,1670000977
11633dfd-e3b0-4185-ab09-b37b19c15f90,699.991916,877.097351,669.785743,979.599628,429.191603,468.976366,858.752632,4.675195,D,1670000978
1988b688-e698-4f34-b5e8-802898c10cc9,160.741345,602.764319,430.823918,129.604164,976.726449,220.876187,154.417196,318.783516,C,1670000979
da1573f2-2685-4eee-97d5-74d498649ace,965.058047,732.890349,491.957521,693.10781,779.193319,697.420112,874.349047,888.370293,C,1670000980
1fc9386b-681c-469a-8a34-7a628a95080a,551.301104,967.710911,882.757468,165.500046,50.876998,627.042916,879.691775,353.092165,A,1670000981
4570e8b2-b156-4316-9a4c-f9f171ec8b0c,919.23475,903.70334,251.423035,543.641085,868.207797,62.109904,316.147609,949.795118,D,1670000982
cd88374e-0a9a-4652-9790-3537fc2ba51d,526.454423,656.219619,958.886359,433.133931,254.597034,444.891865,40.571587,22.489134,B,1670000983
04d33639-03db-4a5e-beed-73e0b195b6eb,701.169634,82.037261,225.772072,866.817174,41.420239,606.62156,332.233257,380.680624,C,1670000984
23adef16-b0ba-43ee-a993-149f7952623e,214.067516,911.940183,431.038056,499.636026,849.423131,38.859127,197.156076,655.459492,C,1670000985
57bfa5dc-4453-4ac8-a071-b1c9ee4c9007,473.255225,490.307251,832.165851,935.014314,960.740985,133.388799,780.951105,434.691608,A,1670000986
c0d84bdd-8516-47ab-977c-37d1422e68fe,622.240827,39.329102,472.056847,187.601683,593.15259,301.070561,120.085445,145.275093,D,1670000987
8faa43c3-f021-46c0-869f-fd25eb66c90a,103.967645,731.354537,563.686229,71.697039,860.684157,855.728732,235.720769,537.303053,C,1670000988
61bef146-451c-4bf3-8402-8a5e6d5550be,693.336464,149.49874,172.588078,264.366937,680.549844,260.535306,748.512696,970.557007,B,1670000989
577a8df4-08ac-4986-8902-021c1a14b34d,846.033056,756.847841,869.639845,3.331953,321.498059,237.811599,95.981719,450.826967,A,1670000990
bc6b7439-8f09-48ae-a39f-0791371ebf1e,540.458274,556.581149,217.630165,31.415158,749.00523,503.738612,655.281024,64.845758,D,1670000991
6d4dbdb5-f619-41f5-9d5a-3b45cfb0fa2e,407.813841,415.073879,773.29019,9.15574,565.086717,758.888391,192.490349,52.130529,C,1670000992
1fd001b9-9d1a-4103-996b-70ab149f84ab,285.736991,512.158099,933.653493,918.845109,525.946475,465.906492,220.185619,301.702228,D,1670000993
9d45c1ef-cf42-4f0f-bcd6-8e2964819825,94.354223,337.53282,99.262267,956.139797,981.924838,764.015137,550.367201,385.802945,B,1670000994
b2d0bbe8-bc3f-4938-b581-09f878fe31c0,285.576866,769.958787,679.885908,144.67938,422.847455,431.075504,0.705736,799.029643,D,1670000995
37aca20f-3e14-4a8b-9fed-95d085ad0b94,597.659551,2.794749,371.330196,159.731039,421.379093,352.054682,319.643723,643.99956,D,1670000996
a603e463-16c4-4bea-8d0d-6e001eb6056d,49.089539,925.480814,857.147223,164.851341,393.883711,98.342167,431.877914,761.08656,D,1670000997
16d54262-fa0c-421f-b96e-f32216cb5522,339.198589,784.19134,451.41079,89.06069,145.128422,442.30491,567.735103,823.090052,A,1670000998
adc5177e-b070-416f-999d-d8d0955e6d30,928.225879,971.821827,496.461721,292.632717,726.980026,506.728104,494.889419,359.417554,C,1670000999
